,colony_id,species,treatment,full_treatment,A,CA,CH,CW,H,W,D,airbrush_volume,surface_area,chla.ug.cm2,chlc2.ug.cm2,sym.cm2,prot_mg.cm2
1,OFAV_PP_0GT1,OFAV,PP,OFAV_PP,0.1692,0.0604,0.2548,0.2316,0.4998,0.4354,6.791,30,6.417827298,6.853565538,1.698588867,176.4615885,0.833497317
2,OFAV_PP_0HS3,OFAV,PP,OFAV_PP,0.121,0.0578,0.2534,0.2518,0.3928,0.3948,7.539,20,5.880222841,6.716242066,1.524942208,142.851729,1.343319267
3,OFAV_PP_0HS4,OFAV,PP,OFAV_PP,0.1112,0.0376,0.2098,0.219,0.3964,0.3738,9.091,NA,4.228412256,NA,NA,NA,NA
4,OFAV_PP_2HS12,OFAV,PP,OFAV_PP,0.1058,0.0458,0.2074,0.2566,0.3296,0.433,9.06,NA,5.95821727,NA,NA,NA,NA
5,OFAV_PP_2HS2,OFAV,PP,OFAV_PP,0.1418,0.0596,0.255,0.2654,0.4534,0.4448,7.55,10.2,10.65181058,4.225649214,0.846432157,116.8252093,0.691609529
6,OFAV_PP_2HS48,OFAV,PP,OFAV_PP,0.118,0.0488,0.2528,0.2262,0.431,0.381,6.608,19.5,5.832869081,4.408130826,0.697375501,84.83175143,0.580530259
7,OFAV_PP_2HS6,OFAV,PP,OFAV_PP,0.1274,0.0532,0.2512,0.2372,0.4306,0.4386,7.506,33,6.348189415,5.28098609,1.118161343,103.5334577,0.805809856
8,OFAV_PP_310,OFAV,PP,OFAV_PP,0.1308,0.0506,0.2842,0.2246,0.5016,0.409,5.559,12.4,5.596100279,7.374536661,1.72901119,177.2663016,0.925470535
9,OFAV_PP_313,OFAV,PP,OFAV_PP,0.1388,0.0554,0.2322,0.2602,0.4046,0.4558,7.514,19,5.77994429,8.839194192,2.053860626,196.9597992,1.206402907
10,OFAV_PP_352,OFAV,PP,OFAV_PP,0.091,0.0366,0.1764,0.19,0.3532,0.3606,10.508,16,6.498607242,6.436702272,1.43113742,136.6446635,0.986733427
11,OFAV_PP_356,OFAV,PP,OFAV_PP,0.1178,0.0438,0.2264,0.1748,0.4118,0.365,5.325,30,6.103064067,5.21995995,1.315896394,88.88977634,0.870759243
12,OFAV_PP_357,OFAV,PP,OFAV_PP,0.06451526,0.03212338,0.1998,0.2206,0.387,0.2202,7.995,23,6.311977716,7.299483153,1.600659168,160.7349711,1.18025296
13,OFAV_PP_358,OFAV,PP,OFAV_PP,0.1044,0.0438,0.2184,0.227,0.368,0.3732,9.244,12.5,5.378830084,6.733418997,1.402256603,145.4389996,0.528059524
14,OFAV_PP_359,OFAV,PP,OFAV_PP,0.1204,0.051,0.2462,0.2404,0.382,0.4072,6.318,10,5.757660167,4.523177109,1.0540306,47.83482504,0.472535913
15,OFAV_PP_360,OFAV,PP,OFAV_PP,0.0994,0.0422,0.22,0.2086,0.3832,0.3454,10.669,16,6.334261838,5.509087072,1.306545295,146.9258282,0.609269034
16,OFAV_PP_362,OFAV,PP,OFAV_PP,0.1064,0.0464,0.2348,0.198,0.4034,0.343,10.123,12,6.125348189,4.260198636,1.544042838,86.09034409,0.62427791
17,OFAV_PP_365,OFAV,PP,OFAV_PP,0.1192,0.055,0.2374,0.2604,0.3444,0.4508,8.496,34,4.73816156,4.985133235,1.471572869,215.8713502,1.04965532
18,OFAV_PP_366,OFAV,PP,OFAV_PP,0.1112,0.0376,0.1938,0.1792,0.3588,0.3534,7.996,17,8.373259053,4.35716843,0.799724451,142.2882845,0.838511586
19,OFAV_PP_367,OFAV,PP,OFAV_PP,0.1274,0.0508,0.2156,0.2564,0.36,0.498,6.229,20,6.342618384,9.241398917,2.505195652,222.3056654,1.258242003
20,OFAV_PP_368,OFAV,PP,OFAV_PP,0.0996,0.0462,0.2382,0.2242,0.3708,0.3954,8.256,33,6.82729805,5.86948522,1.059994737,163.9374745,1.298171553
21,OFAV_PP_369,OFAV,PP,OFAV_PP,0.1116,0.0522,0.246,0.1774,0.414,0.3408,8.41,23,5.601671309,6.17420494,1.53499724,119.7559258,0.691468194
22,OFAV_PP_371,OFAV,PP,OFAV_PP,0.1302,0.0472,0.236,0.2312,0.4202,0.4172,6.458,15,6.690807799,5.202678966,1.361550843,143.85408,0.861932061
23,OFAV_PP_9AZ5,OFAV,PP,OFAV_PP,0.1488,0.0626,0.2072,0.2984,0.342,0.508,7.246,27,4.983286908,5.337877488,1.703860355,105.201649,0.685265628
24,OFAV_PP_9AZ9,OFAV,PP,OFAV_PP,0.1688,0.0752,0.295,0.3014,0.4554,0.433,6.612,22,5.743732591,7.346569964,1.700349006,109.9604348,1.153631874
25,OFAV_PP_9EV35,OFAV,PP,OFAV_PP,0.1188,0.0508,0.223,0.2244,0.385,0.4172,7.519,42,5.256267409,5.233885162,2.276482353,120.5227875,0.829124693
26,OFAV_PP_9EV4,OFAV,PP,OFAV_PP,0.1344,0.068,0.2862,0.275,0.4466,0.4098,5.643,30,5.685236769,6.790174547,1.863378858,214.0045729,1.235916193
27,OFAV_PP_9EV40,OFAV,PP,OFAV_PP,0.1738,0.0706,0.272,0.3082,0.4318,0.5316,7.27,34,6.323119777,4.947552438,1.440657511,158.4001835,0.673814832
28,OFAV_PP_9EV5,OFAV,PP,OFAV_PP,0.1604,0.0736,0.3168,0.2968,0.4932,0.4724,6.952,11,5.284122563,3.271352016,0.64017724,117.9634511,0.865816192
29,OFAV_PP_9GT35,OFAV,PP,OFAV_PP,0.084,0.0322,0.214,0.193,0.3568,0.3446,11.249,18,4.197771588,4.433280756,1.090006901,155.5587259,1.144158903
30,OFAV_PP_9GT4,OFAV,PP,OFAV_PP,0.0964,0.0474,0.2354,0.2296,0.347,0.3826,9.044,15,4.100278552,3.669903108,1.293479195,85.055197,0.799305942
31,OFAV_PP_9GT46,OFAV,PP,OFAV_PP,0.1256,0.06,0.2826,0.241,0.398,0.3694,9.524,13,5.289693593,6.102571494,1.310704463,122.0612603,0.91338501
32,OFAV_PP_9IR44,OFAV,PP,OFAV_PP,0.1338,0.0562,0.2454,0.2544,0.4138,0.4274,6.842,23,8.707520891,5.963564982,1.242710197,108.4439291,0.775560841
33,OFAV_PP_9JQ4,OFAV,PP,OFAV_PP,0.1222,0.0488,0.2202,0.2528,0.3794,0.4002,6.162,35,7.314763231,6.296376047,1.538207683,285.4956842,0.878255309
34,OFAV_PP_9JQ42,OFAV,PP,OFAV_PP,0.1038,0.0544,0.241,0.2742,0.344,0.4198,8.495,36,5.409470752,4.137521215,0.624404892,194.9358909,1.547078359
35,OFAV_PP_9JQ43,OFAV,PP,OFAV_PP,0.1014,0.0506,0.2298,0.241,0.358,0.3982,10.499,17,5.108635097,3.665876432,0.625191453,95.53269266,0.750330497
36,OFAV_PP_9JQ53,OFAV,PP,OFAV_PP,0.1458,0.0624,0.2902,0.221,0.5192,0.3776,7.506,21,4.114206128,4.512936256,0.968406754,143.5574645,0.496942135
37,OFAV_PP_AZ,OFAV,PP,OFAV_PP,0.1322,0.0574,0.256,0.2528,0.459,0.417,6.606,49,6.376044568,7.424813481,2.463239526,272.8180428,0.752674867
38,OFAV_PP_CX,OFAV,PP,OFAV_PP,0.143,0.056,0.2728,0.2276,0.4632,0.3932,6.177,17,5.194986072,6.3683087,1.496871193,181.8901251,1.263845355
39,OFAV_PP_DW,OFAV,PP,OFAV_PP,0.1242,0.0536,0.2678,0.2196,0.422,0.3512,9.339,25,5.331476323,6.215093717,1.49325431,103.5516806,0.78695532
40,OFAV_PS_0HS2,OFAV,PS,OFAV_PS,0.1242,0.0522,0.237,0.2282,0.3964,0.396,8.222,24,8.571030641,NA,NA,140.4731882,0.968933173
41,OFAV_PS_0HS3,OFAV,PS,OFAV_PS,0.1054,0.0536,0.2316,0.2382,0.3782,0.3774,11.207,34.5,7.178272981,5.612124616,2.848136321,137.1761011,1.318811176
42,OFAV_PS_0HS4,OFAV,PS,OFAV_PS,0.079,0.032,0.2116,0.1768,0.3498,0.3084,8.464,15,4.582172702,3.5975019,0.984522036,97.47923,0.755280245
43,OFAV_PS_2HS12,OFAV,PS,OFAV_PS,0.1074,0.0476,0.2616,0.193,0.4622,0.3272,9.56,26,5.080779944,3.798803244,0.9720358,120.4703491,0.9929254
44,OFAV_PS_2HS48,OFAV,PS,OFAV_PS,0.1174,0.047,0.2518,0.2312,0.428,0.4182,8.651,16.5,4.445682451,5.57907594,1.471317975,124.488761,0.942773854
45,OFAV_PS_2HS6,OFAV,PS,OFAV_PS,0.1248,0.0494,0.2414,0.2364,0.42,0.4106,9.892,12.5,6.284122563,4.647675504,1.465449219,154.1583555,1.055524747
46,OFAV_PS_310,OFAV,PS,OFAV_PS,0.1292,0.0486,0.2362,0.2146,0.4412,0.4232,8.274,18,5.465181058,4.11266338,1.202897018,153.8832824,1.187633993
47,OFAV_PS_313,OFAV,PS,OFAV_PS,0.108,0.0392,0.201,0.2126,0.3596,0.3882,9.207,15,5.621169916,3.576324022,1.315562438,107.4805914,0.937365866
48,OFAV_PS_352,OFAV,PS,OFAV_PS,0.0936,0.0458,0.2412,0.2252,0.3694,0.3582,9.635,20,5.300835655,4.992766246,1.542209669,98.33355228,1.277008642
49,OFAV_PS_356,OFAV,PS,OFAV_PS,0.151,0.056,0.2286,0.2634,0.4458,0.4958,6.752,23,5.802228412,5.138591799,1.387794383,101.0818531,1.196219082
50,OFAV_PS_357,OFAV,PS,OFAV_PS,0.1158,0.0544,0.2312,0.2492,0.396,0.4198,7.839,13,5.690807799,3.672016769,0.881144677,124.1182901,0.735924454
51,OFAV_PS_359,OFAV,PS,OFAV_PS,0.1036,0.05,0.2452,0.242,0.383,0.3858,8.086,15,4.142061281,5.234772865,1.583088601,72.27681573,0.637286209
52,OFAV_PS_360,OFAV,PS,OFAV_PS,0.0882,0.031,0.1982,0.1916,0.3304,0.3546,12.918,16,5.222841226,3.42824896,0.764488107,95.22275554,0.758546368
53,OFAV_PS_362,OFAV,PS,OFAV_PS,0.0988,0.043,0.2134,0.217,0.381,0.4008,10.293,14,5,5.24013,1.15892,119.3111111,0.673741534
54,OFAV_PS_365_P1,OFAV,PS,OFAV_PS,0.1368,0.0522,0.2316,0.2672,0.3886,0.4572,8.188,19,4.824512535,6.430394043,2.016763337,NA,1.674666675
55,OFAV_PS_365_P2,OFAV,PS,OFAV_PS,0.1186,0.0512,0.2302,0.2294,0.386,0.4426,10,13,4.311977716,3.593936709,1.087760723,NA,0.820252747
56,OFAV_PS_367,OFAV,PS,OFAV_PS,0.1456,0.0496,0.2238,0.2662,0.412,0.4882,6.901,26,6.671309192,3.542600508,1.31991334,127.47373,1.239639345
57,OFAV_PS_368,OFAV,PS,OFAV_PS,0.1104,0.047,0.2328,0.2214,0.3892,0.3848,9.04,13,5.966573816,4.668960924,1.15335035,172.3071506,1.238646198
58,OFAV_PS_369,OFAV,PS,OFAV_PS,0.10987514,0.04664778,0.256,0.2452,0.4218,0.444,7.893,25,9.760445682,4.248589291,1.577540668,105.8694825,1.01906898
59,OFAV_PS_370,OFAV,PS,OFAV_PS,0.0672,0.03,0.1758,0.1868,0.3184,0.305,15.43,17,5.080779944,6.539757091,1.671465817,219.4380939,1.615719599
60,OFAV_PS_371,OFAV,PS,OFAV_PS,0.1232,0.0462,0.2294,0.2198,0.3952,0.408,8.399,25,8.080779944,5.261120663,1.379121208,149.1880195,1.44169358
61,OFAV_PS_9AZ5,OFAV,PS,OFAV_PS,0.118,0.043333333,0.202333333,0.261666667,0.371333333,0.394,9.56,15,3.266852368,6.008115087,1.075347033,66.38653221,0.9096313
62,OFAV_PS_9AZ9,OFAV,PS,OFAV_PS,0.1352,0.0608,0.2708,0.2676,0.4656,0.425,9.892,27.5,5.069637883,6.417577038,1.85109375,216.978022,2.091846397
63,OFAV_PS_9EV35,OFAV,PS,OFAV_PS,0.1568,0.0616,0.284,0.2562,0.4732,0.4564,5.622,35,4.73816156,4.709597394,1.648925411,124.6527778,1.192376712
64,OFAV_PS_9EV4,OFAV,PS,OFAV_PS,0.1092,0.0556,0.2498,0.255,0.3874,0.4008,7.914,55,6.04735376,5.466633503,1.524303086,180.0029749,1.653471395
65,OFAV_PS_9EV40,OFAV,PS,OFAV_PS,0.136,0.0558,0.2696,0.2616,0.4684,0.4748,7.743,19.5,4.501392758,3.412888149,1.148519531,116.4223004,0.843068595
66,OFAV_PS_9EV5,OFAV,PS,OFAV_PS,0.1534,0.0716,0.2838,0.292,0.4362,0.465,7.395,16.5,4.880222841,3.493749272,0.935774379,104.669913,1.093139148
67,OFAV_PS_9GT35,OFAV,PS,OFAV_PS,0.1364,0.0738,0.2564,0.2912,0.4046,0.4468,6.888,13,6.473537604,3.739122483,0.837258595,129.8620195,1.148660828
68,OFAV_PS_9GT4,OFAV,PS,OFAV_PS,0.0818,0.039,0.1924,0.2246,0.309,0.3386,10.978,34,4.3454039,3.158758921,0.925230449,97.15245728,0.921249923
69,OFAV_PS_9GT46,OFAV,PS,OFAV_PS,0.1036,0.0442,0.2194,0.2436,0.35,0.4056,9.135,15,6.632311978,4.373776459,1.296663219,122.1293574,0.980172798
70,OFAV_PS_9IR44,OFAV,PS,OFAV_PS,0.1376,0.0516,0.258,0.2106,0.4822,0.3744,7.326,25.2,7.470752089,5.896892237,1.452648926,114.265604,0.870588094
71,OFAV_PS_9JQ4,OFAV,PS,OFAV_PS,0.1504,0.0606,0.2608,0.267,0.424,0.4856,7.709,19,5.442896936,3.326313826,1.681076292,116.7959527,1.14083559
72,OFAV_PS_9JQ42,OFAV,PS,OFAV_PS,0.105,0.0486,0.2474,0.238,0.378,0.3746,8.095,15,5.671309192,5.239464821,1.536087119,158.4731091,1.371148791
73,OFAV_PS_9JQ431,OFAV,PS,OFAV_PS,0.1108,0.0456,0.2182,0.2166,0.3824,0.3952,8.065,23,6.621169916,6.561570772,1.652007899,231.9663909,1.732035955
74,OFAV_PS_9JQ53,OFAV,PS,OFAV_PS,0.1074,0.052,0.2404,0.2488,0.3782,0.4016,6.797,15,4.662952646,4.7791875,2.374273522,166.02499,1.274242764
75,OFAV_PS_AZ,OFAV,PS,OFAV_PS,0.1084,0.053,0.2592,0.244,0.4058,0.4278,8.351,14,3.95264624,3.991756166,1.113051797,103.6014799,1.242121463
76,OFAV_PS_CX,OFAV,PS,OFAV_PS,0.1218,0.05,0.2684,0.2072,0.4552,0.3714,9.2,24.8,4.17270195,3.855428335,0.906218571,170.1295728,1.558177553
77,OFAV_PS_DW,OFAV,PS,OFAV_PS,0.106,0.0416,0.2208,0.2194,0.3838,0.364,9.186,17,3.972144847,3.412537102,1.121736536,60.80887679,0.640993819
78,OFAV_PS_EV,OFAV,PS,OFAV_PS,0.1268,0.0566,0.2398,0.2452,0.379,0.4048,8.439,19,5.899721448,4.017965121,1.321609006,109.3625079,1.395720403
79,OFAV_SP_0AZ24,OFAV,SP,OFAV_SP,0.1448,0.061,0.2576,0.2772,0.432,0.4546,8.446,36,3.788300836,10.12617573,4.875008823,NA,0.714887572
80,OFAV_SP_0AZ4,OFAV,SP,OFAV_SP,0.1066,0.0516,0.2464,0.2394,0.3786,0.3456,9.745,27.3,5.21448468,5.16107375,-0.583356302,138.7385417,1.381714926
81,OFAV_SP_0EV3_P1,OFAV,SP,OFAV_SP,0.0998,0.0366,0.1976,0.2066,0.3596,0.372,10.877,27,4.704735376,7.126755773,1.46557127,NA,1.250560144
82,OFAV_SP_0EV3_P2,OFAV,SP,OFAV_SP,0.1156,0.0412,0.2538,0.1706,0.4154,0.3506,8.85,10.5,3.559888579,5.824290435,1.322422007,NA,0.642730507
83,OFAV_SP_2AZ21_P1,OFAV,SP,OFAV_SP,0.094,0.0372,0.1988,0.2066,0.3342,0.3416,9.858,13,NA,NA,NA,NA,NA
84,OFAV_SP_2AZ21_P2,OFAV,SP,OFAV_SP,0.1166,0.048,0.2158,0.229,0.381,0.3688,9.938,20,3.782729805,5.088829406,0.397728645,NA,0.564016901
85,OFAV_SP_2AZ7_P1,OFAV,SP,OFAV_SP,NA,NA,NA,NA,NA,NA,NA,13,5.161559889,6.828667255,0.201426511,NA,0.435888994
86,OFAV_SP_2AZ7_P2,OFAV,SP,OFAV_SP,0.116,0.0424,0.1922,0.2356,0.3472,0.425,11.429,55.5,NA,NA,NA,NA,NA
87,OFAV_SP_2AZ7_P3,OFAV,SP,OFAV_SP,0.0836,0.0384,0.2096,0.213,0.3356,0.3138,13.529,21,NA,NA,NA,NA,NA
88,OFAV_SP_2AZ7_P4,OFAV,SP,OFAV_SP,0.0866,0.0394,0.2152,0.205,0.3376,0.3056,10.223,12.5,NA,NA,NA,NA,NA
89,OFAV_SP_2JQ31_P1,OFAV,SP,OFAV_SP,NA,NA,NA,NA,NA,NA,NA,32.5,NA,NA,NA,NA,NA
90,OFAV_SP_2JQ31_P2,OFAV,SP,OFAV_SP,0.127,0.055,0.2632,0.2688,0.385,0.4262,8.613,7,NA,NA,NA,NA,NA
91,OFAV_SP_2JQ31_P3,OFAV,SP,OFAV_SP,NA,NA,NA,NA,NA,NA,NA,22,NA,NA,NA,NA,NA
92,OFAV_SP_2JQ8,OFAV,SP,OFAV_SP,0.1166,0.0476,0.2264,0.2218,0.3656,0.3244,11.457,18,3.423398329,5.700519812,0.66355118,84.56509355,0.472095943
93,OFAV_SP_3EV30_P1,OFAV,SP,OFAV_SP,0.1002,0.0458,0.238,0.2158,0.353,0.3232,9.881,12,5.69637883,4.436221809,1.045506308,NA,NA
94,OFAV_SP_3EV30_P2,OFAV,SP,OFAV_SP,NA,NA,NA,NA,NA,NA,NA,27,NA,NA,NA,NA,NA
95,OFAV_SP_3EV30_P3,OFAV,SP,OFAV_SP,0.0816,0.0386,0.2236,0.215,0.3274,0.3,9.98,13,4.17270195,5.037639141,1.192296996,NA,1.039954846
96,OFAV_SP_3EV30_P4,OFAV,SP,OFAV_SP,NA,NA,NA,NA,NA,NA,NA,NA,NA,NA,NA,NA,NA
97,OFAV_SP_3EV31_P3,OFAV,SP,OFAV_SP,NA,NA,NA,NA,NA,NA,NA,NA,NA,NA,NA,NA,NA
98,OFAV_SP_3JQ1_P1,OFAV,SP,OFAV_SP,0.0996,0.0412,0.2246,0.178,0.375,0.31,7.55,10,NA,NA,NA,NA,NA
99,OFAV_SP_3JQ1_P2,OFAV,SP,OFAV_SP,0.0836,0.0448,0.21,0.2098,0.3076,0.2928,9.785,36,NA,NA,NA,NA,NA
100,OFAV_SP_3JQ1_P3,OFAV,SP,OFAV_SP,0.1018,0.054,0.2572,0.251,0.3774,0.351,10.182,11.5,4.685236769,6.627383851,1.359925936,NA,0.947972415
101,OFAV_SP_3JQ1_P4,OFAV,SP,OFAV_SP,0.1396,0.0492,0.2534,0.2068,0.3998,0.3904,6.363,20,3.813370474,6.166154979,1.33202374,NA,0.568648113
102,OFAV_SP_3JQ10,OFAV,SP,OFAV_SP,0.1208,0.0526,0.2612,0.2302,0.418,0.3526,7.212,12,4.298050139,5.598887687,0.974325535,117.1073666,0.507585421
103,OFAV_SP_4DW11,OFAV,SP,OFAV_SP,0.138,0.0524,0.2258,0.2292,0.3836,0.4444,7.307,10,6.752089136,5.75826719,0.427719472,81.45627063,0.670319591
104,OFAV_SP_4EV15,OFAV,SP,OFAV_SP,0.087,0.0408,0.2102,0.235,0.3292,0.3584,10.654,28,3.247910864,6.819440022,1.11791861,126.4402516,NA
105,OFAV_SP_6JQ16,OFAV,SP,OFAV_SP,0.1118,0.0552,0.268,0.2242,0.3864,0.3146,8.872,22.5,4.206128134,6.167697268,0.078768998,92.49896524,0.555070351
106,OFAV_SP_8EV24,OFAV,SP,OFAV_SP,0.1162,0.0678,0.277,0.2432,0.3668,0.3938,8.838,7,4.590529248,3.617876234,0.627640049,103.8188208,0.415761964
107,OFAV_SP_9EV2,OFAV,SP,OFAV_SP,0.1174,0.0476,0.2348,0.2166,0.4068,0.3308,8.475,12.5,4.470752089,4.196907581,1.36085884,70.83073727,0.6206619
108,OFAV_SP_DEV35,OFAV,SP,OFAV_SP,0.1398,0.0576,0.2368,0.2594,0.3468,0.4296,6.318,7,6.155988858,2.255000562,0.55772112,13.40835219,0.509362106
109,OFAV_SP_EV,OFAV,SP,OFAV_SP,0.1362,0.0694,0.2882,0.2566,0.431,0.391,6.789,158,5.253481894,91.13565244,17.55269207,1845.871023,13.40206984
110,OFAV_SS_0AZ4,OFAV,SS,OFAV_SS,0.0972,0.0474,0.2418,0.2088,0.3872,0.3438,14.025,22,4.935933148,5.327472883,1.004409876,181.751066,1.049117454
111,OFAV_SS_0DW46,OFAV,SS,OFAV_SS,0.1304,0.0486,0.2274,0.2458,0.385,0.4468,7.229,13,5.896935933,5.310871107,1.030013734,184.078649,0.900211637
112,OFAV_SS_0EV3,OFAV,SS,OFAV_SS,0.0812,0.0352,0.2006,0.1972,0.3402,0.3236,12.701,34.5,7.61281337,2.987762066,0.472670198,95.16849616,0.499273941
113,OFAV_SS_1AZ5,OFAV,SS,OFAV_SS,0.117,0.049666667,0.227,0.216,0.426333333,0.392666667,8.902,15.5,3.791086351,6.040916872,7.700147741,NA,0.686160279
114,OFAV_SS_2AZ2,OFAV,SS,OFAV_SS,0.1248,0.038,0.1852,0.2154,0.3786,0.4276,9.066,15,5.919220056,6.005605411,1.329081353,190.9035294,1.198609313
115,OFAV_SS_2AZ21,OFAV,SS,OFAV_SS,0.091,0.0434,0.227,0.2162,0.3678,0.3428,12.039,17,5.270194986,5.826881184,1.184956158,146.2311487,0.740478695
116,OFAV_SS_2AZ7_P1,OFAV,SS,OFAV_SS,NA,NA,NA,NA,NA,NA,10.036,14.5,5.442896936,8.465863958,1.967114227,NA,1.466396365
117,OFAV_SS_2AZ7_P2,OFAV,SS,OFAV_SS,0.0798,0.034,0.192,0.1752,0.3266,0.3094,9.665,24.5,4.175487465,9.313753861,2.563691686,NA,1.77408297
118,OFAV_SS_2DW40,OFAV,SS,OFAV_SS,0.1048,0.0472,0.2268,0.1766,0.3718,0.3926,9.386,15,5.155988858,6.478946313,1.657829417,177.2210967,1.277769973
119,OFAV_SS_2DW44,OFAV,SS,OFAV_SS,0.082,0.0302,0.1958,0.1674,0.3304,0.3218,13.012,22.5,5.431754875,6.33182798,2.165598461,220.9230769,1.754213916
120,OFAV_SS_2EV10,OFAV,SS,OFAV_SS,0.0964,0.0354,0.2074,0.1756,0.3608,0.3428,9.217,30,4.82729805,2.656662147,1.941148009,62.92339873,0.384273681
121,OFAV_SS_2EV3,OFAV,SS,OFAV_SS,0.1232,0.0564,0.2514,0.2268,0.4076,0.3938,10.504,17,5.935933148,4.206611841,0.717410371,166.4252046,0.634080982
122,OFAV_SS_2EV30,OFAV,SS,OFAV_SS,0.1108,0.0466,0.2386,0.201,0.3784,0.3914,9.524,30.5,4.768802228,7.387341548,2.096202468,245.7028573,1.162759507
123,OFAV_SS_2EV34,OFAV,SS,OFAV_SS,0.1176,0.0522,0.248,0.2322,0.3662,0.391,7.919,37,4.281337047,10.28172185,14.35527601,170.682661,1.249055063
124,OFAV_SS_2EV36,OFAV,SS,OFAV_SS,0.1124,0.0406,0.2006,0.2336,0.3514,0.394,8.537,17,4.824512535,8.273963717,3.688315632,232.2687163,1.672813759
125,OFAV_SS_2EV44,OFAV,SS,OFAV_SS,0.0568,0.0152,0.1528,0.1068,0.264,0.2508,13.631,23,6.860724234,7.107261081,3.676761977,172.6494113,1.150279657
126,OFAV_SS_2EV6,OFAV,SS,OFAV_SS,0.1206,0.0518,0.2344,0.2278,0.3626,0.3928,7.654,22.5,7.729805014,3.534452027,1.812343581,189.4452703,1.039440598
127,OFAV_SS_2JQ31,OFAV,SS,OFAV_SS,0.1298,0.0562,0.2524,0.2298,0.415,0.3852,5.536,12.5,5.406685237,7.596690924,7.79214725,118.4875708,0.847133079
128,OFAV_SS_2JQ6,OFAV,SS,OFAV_SS,0.1298,0.0584,0.261,0.2722,0.408,0.4366,8.088,24,5.844011142,3.078981125,1.138498856,91.03336512,0.777711654
129,OFAV_SS_2JQ8,OFAV,SS,OFAV_SS,0.099,0.0412,0.2226,0.1998,0.3512,0.352,11.869,17,5.615598886,13.37851667,17.59183695,168.2664104,0.927650338
130,OFAV_SS_3EV30,OFAV,SS,OFAV_SS,0.0792,0.0302,0.1974,0.1792,0.3214,0.3182,14.025,33,5.484679666,7.476876955,8.545002234,214.2635009,0.932676822
131,OFAV_SS_3JQ1_P1,OFAV,SS,OFAV_SS,0.082,0.0348,0.2062,0.1862,0.2828,0.3178,10.806,18,5.26183844,6.908022816,6.007282504,NA,0.864970035
132,OFAV_SS_3JQ1_P2,OFAV,SS,OFAV_SS,0.1596,0.0718,0.3184,0.2358,0.4786,0.4012,8.065,12.5,5.069637883,6.416611321,5.641182006,NA,0.650729164
133,OFAV_SS_4DW11,OFAV,SS,OFAV_SS,0.0676,0.0328,0.194,0.174,0.3056,0.3022,16.144,22.5,6.356545961,4.768155565,2.133882943,72.12053571,0.874394967
134,OFAV_SS_4DW14,OFAV,SS,OFAV_SS,0.109,0.0488,0.2354,0.2376,0.379,0.391,10.786,16.5,3.91643454,5.699929304,1.493619372,159.6264818,0.785564305
135,OFAV_SS_4EV14,OFAV,SS,OFAV_SS,0.1268,0.0438,0.2142,0.2248,0.3854,0.4246,7.533,24.5,5.206128134,2.298249875,0.64083853,54.70716292,0.677418453
136,OFAV_SS_4EV15,OFAV,SS,OFAV_SS,0.108,0.0416,0.1926,0.2082,0.3592,0.37,10.779,20,4.78551532,5.495054327,1.532227881,178.7802354,1.431558507
137,OFAV_SS_4JQ12,OFAV,SS,OFAV_SS,0.1218,0.0554,0.2488,0.2566,0.4024,0.3868,8.8,17,4.838440111,3.197516413,1.031308621,113.6041067,1.000942339
138,OFAV_SS_6JQ16,OFAV,SS,OFAV_SS,0.0996,0.0448,0.2214,0.2184,0.366,0.3556,8.553,23,5.841225627,11.68238843,9.69971092,238.8768081,1.779855569
139,OFAV_SS_8EV24,OFAV,SS,OFAV_SS,0.1,0.0468,0.2332,0.2038,0.3644,0.36,12.856,20,5.339832869,5.941228395,1.805580856,194.4505304,1.265501308
140,OFAV_SS_9AZ10,OFAV,SS,OFAV_SS,0.0924,0.0424,0.2262,0.2102,0.3648,0.3102,10.204,12.5,10.36490251,2.791089928,0.572726082,56.48067274,0.486843011
141,OFAV_SS_9AZ7,OFAV,SS,OFAV_SS,0.0634,0.0252,0.1744,0.1628,0.2954,0.2868,15.267,20.5,4.317548747,9.879772644,7.394279572,187.6615975,1.197791563
142,OFAV_SS_9AZ81_P1,OFAV,SS,OFAV_SS,0.1082,0.0502,0.2506,0.2364,0.3538,0.3728,9.852,42,6.025069638,4.337626214,0.496674757,NA,-0.112959763
143,OFAV_SS_9DW37_P1,OFAV,SS,OFAV_SS,0.094,0.048,0.2352,0.2188,0.3646,0.33,9.009,22,5.189415042,7.061389971,1.366888164,NA,1.427462932
144,OFAV_SS_9DW37_P2,OFAV,SS,OFAV_SS,0.0986,0.0396,0.2144,0.2166,0.3354,0.3334,12.318,12,4.73816156,5.472713345,1.43967231,NA,0.92209197
145,OFAV_SS_9EV2_P1,OFAV,SS,OFAV_SS,0.091,0.038,0.2194,0.1908,0.3738,0.305,10.619,37,5.938718663,6.200706262,1.799777967,NA,1.738618829
146,OFAV_SS_9EV41,OFAV,SS,OFAV_SS,0.162,0.0646,0.2686,0.2498,0.4416,0.4392,9.252,26,4.980501393,6.532538413,1.317357327,203.8839796,1.937136687
147,OFAV_SS_9JQ5,OFAV,SS,OFAV_SS,0.1216,0.0522,0.254,0.244,0.3962,0.4206,7.882,16.5,5.490250696,5.592563382,1.388686587,189.0851725,1.367229316
148,OFRA_PP_0CX4,OFRA,PP,OFRA_PP,0.1602,0.0838,0.3028,0.2908,0.4444,0.4518,7.564,11.5,4.885793872,9.491940897,5.107076896,178.1013873,0.622568552
149,OFRA_PP_0CX5,OFRA,PP,OFRA_PP,0.1468,0.0602,0.241,0.2562,0.3576,0.4902,6.601,17.5,5.554317549,7.880273549,1.803540653,227.6382272,0.521428136
150,OFRA_PP_0GT1,OFRA,PP,OFRA_PP,0.1252,0.0632,0.3176,0.2276,0.473,0.3808,4.464,13,5.832869081,5.548377288,1.483789518,134.0963865,0.611567809
151,OFRA_PP_0GT5,OFRA,PP,OFRA_PP,0.1334,0.0746,0.298,0.2702,0.4044,0.4432,6.525,15,6.39275766,6.524101525,1.765845915,163.2706972,0.552298315
152,OFRA_PP_1GT37_P1,OFRA,PP,OFRA_PP,0.1506,0.071,0.2914,0.2364,0.4474,0.4028,7.929,17,5.774373259,3.674631118,1.141699662,NA,0.389498556
153,OFRA_PP_1GT37_P2,OFRA,PP,OFRA_PP,0.1566,0.0772,0.2922,0.2788,0.4174,0.4122,6.277,14.5,5.997214485,5.793848837,1.464454877,NA,0.607118193
154,OFRA_PP_1GT42_P2,OFRA,PP,OFRA_PP,0.1306,0.062,0.2192,0.2784,0.3552,0.4932,5.303,19,7.052924791,NA,NA,NA,0.878839011
155,OFRA_PP_2CX12_P1,OFRA,PP,OFRA_PP,0.1642,0.079,0.3076,0.2892,0.4632,0.4772,6.021,15,6.245125348,8.652048116,1.880366581,NA,1.029751472
156,OFRA_PP_2CX12_P2,OFRA,PP,OFRA_PP,0.1528,0.074,0.2824,0.2774,0.436,0.433,7.446,13,5.044568245,9.429886964,4.049479362,NA,0.986283212
157,OFRA_PP_2GT10,OFRA,PP,OFRA_PP,0.1234,0.0658,0.2672,0.2808,0.4086,0.445,6.81,18,6.805013928,5.903220835,2.036733524,219.1031518,0.576394074
158,OFRA_PP_2GT3_P1,OFRA,PP,OFRA_PP,0.145,0.0754,0.298,0.2574,0.4342,0.4056,5.785,19.5,4.250696379,10.60236276,2.799970626,NA,1.135908895
159,OFRA_PP_2GT3_P2,OFRA,PP,OFRA_PP,0.152,0.064,0.2966,0.2488,0.4366,0.4016,6.869,18.5,5.200557103,9.16831743,1.95020693,NA,1.162576206
160,OFRA_PP_2GT38,OFRA,PP,OFRA_PP,0.1068562,0.0506432,0.249,0.2428,0.3886,0.3946,6.529,19.5,6.167130919,6.126596872,1.313147087,166.2645099,0.84921656
161,OFRA_PP_2GT41_P1,OFRA,PP,OFRA_PP,0.126,0.0476,0.2288,0.2622,0.4042,0.4746,7.177,10,5.724233983,6.670965369,1.443293552,NA,0.598398422
162,OFRA_PP_2GT41_P2,OFRA,PP,OFRA_PP,0.12,0.0524,0.259,0.2106,0.4166,0.367,6.325,13,8.493036212,2.388374369,0.579012602,NA,0.341569273
163,OFRA_PP_2GT7_P1,OFRA,PP,OFRA_PP,0.092000389,0.014400194,0.1978,0.2346,0.3796,0.4924,5.543,15,4.86908078,7.786556994,2.013675772,NA,0.85430338
164,OFRA_PP_2GT7_P2,OFRA,PP,OFRA_PP,0.1484,0.063,0.2858,0.256,0.437,0.4218,6.131,15,5.328690808,9.770669171,2.068777378,NA,1.149472055
165,OFRA_PP_2HS11,OFRA,PP,OFRA_PP,0.169,0.0816,0.2986,0.2938,0.4568,0.4516,4.31,12,4.289693593,1.924216688,0.266382662,95.42251083,0.212072227
166,OFRA_PP_2HS17_P1,OFRA,PP,OFRA_PP,0.1968,0.0932,0.3352,0.3186,0.4904,0.4662,4.862,16.5,5.621169916,5.715507266,1.210164005,NA,0.793487759
167,OFRA_PP_2HS17_P2,OFRA,PP,OFRA_PP,0.1266,0.0546,0.2694,0.2428,0.4098,0.3976,6.452,12,5.334261838,2.519880052,0.459819948,NA,0.43911653
168,OFRA_PP_2HS27,OFRA,PP,OFRA_PP,0.1464,0.0612,0.2622,0.2604,0.4132,0.452,5.66,14,6.671309192,6.091410571,1.6389062,139.3779402,0.743270312
169,OFRA_PP_2HS9_P1,OFRA,PP,OFRA_PP,0.1144,0.04,0.2288,0.2244,0.3752,0.395,7.595,15,7.356545961,4.708085858,1.428625615,NA,0.514377478
170,OFRA_PP_2HS9_P2,OFRA,PP,OFRA_PP,0.1802,0.0738,0.31,0.2894,0.4956,0.4834,4.005,20,6.835654596,4.943003803,1.511267115,NA,0.487621479
171,OFRA_PP_4CX12,OFRA,PP,OFRA_PP,0.1792,0.0752,0.3064,0.275,0.486,0.4208,4.739,18,5.125348189,7.668942392,1.420147419,190.6211957,0.638481771
172,OFRA_PP_4HS15,OFRA,PP,OFRA_PP,0.1236,0.0436,0.2128,0.2414,0.3456,0.4328,9.063,11.5,4.030640669,5.02108246,0.962436947,119.9905744,0.540308946
173,OFRA_PP_6EV18,OFRA,PP,OFRA_PP,0.126,0.0622,0.2358,0.2802,0.3874,0.4838,6.508,15,5.144846797,5.547444098,0.851191527,90.05775131,0.368748183
174,OFRA_PP_6GT17,OFRA,PP,OFRA_PP,0.1942,0.0492,0.229,0.2412,0.4558,0.5446,5.213,14,4.245125348,5.952050394,1.434833957,169.704451,0.588042201
175,OFRA_PP_8CX24,OFRA,PP,OFRA_PP,0.1346,0.0708,0.2578,0.2706,0.3982,0.4358,6.612,11.5,5.590529248,5.788213912,1.111475716,105.5952499,0.322463741
176,OFRA_PP_8HS21,OFRA,PP,OFRA_PP,0.154,0.0684,0.289,0.312,0.4808,0.4794,5.278,22.5,9.838440111,8.02389013,1.704690968,141.2190331,0.720767595
177,OFRA_PP_8HS23,OFRA,PP,OFRA_PP,0.08705432,0.04804108,0.2454,0.1786,0.3902,0.3114,6.633,12,5.660167131,7.532604429,1.835405167,211.4021372,0.794113177
178,OFRA_PP_8HS24,OFRA,PP,OFRA_PP,0.2334,0.101,0.349,0.3192,0.542,0.5732,5.297,18,4.832869081,3.080157925,0.774229539,267.2325648,1.154311969
179,OFRA_PP_9CX5_P1,OFRA,PP,OFRA_PP,0.1078,0.0392,0.2278,0.1984,0.3798,0.3804,9.335,17.5,6.596100279,3.463091049,0.980712046,NA,0.360274921
180,OFRA_PP_9CX5_P2,OFRA,PP,OFRA_PP,0.1902,0.0624,0.2902,0.2502,0.4896,0.4234,6.362,11,6.456824513,2.782613956,0.833966447,NA,0.469458004
181,OFRA_PP_9GT30_P1,OFRA,PP,OFRA_PP,0.1774,0.0742,0.284,0.294,0.4434,0.4788,5.691,13.5,9.334261838,3.023530461,0.497991976,NA,0.453292532
182,OFRA_PP_9GT30_P2,OFRA,PP,OFRA_PP,0.192,0.0758,0.292,0.2768,0.4756,0.4548,4.825,15.5,7.637883008,4.235980699,0.973635298,NA,0.508399503
183,OFRA_PS_0CX4,OFRA,PS,OFRA_PS,0.1932,0.0712,0.2852,0.273,0.465,0.5442,4.216,17.5,-0.325905292,-96.85431353,-25.78644074,-2517.773033,-20.51953773
184,OFRA_PS_0CX5,OFRA,PS,OFRA_PS,0.1272,0.0394,0.1898,0.2216,0.3754,0.4682,4.239,22,5.125348189,4.896402301,2.291922337,106.4155344,0.65537796
185,OFRA_PS_0GT1,OFRA,PS,OFRA_PS,0.1466,0.0532,0.2704,0.2404,0.466,0.4382,5.839,15,4.743732591,5.052719465,1.229253523,165.4815032,1.200981902
186,OFRA_PS_0GT3,OFRA,PS,OFRA_PS,0.0984,0.0392,0.1834,0.176,0.3522,0.3694,10.605,27.5,6.437325905,6.591207378,1.352502596,244.9257176,1.219493836
187,OFRA_PS_0GT5_P1,OFRA,PS,OFRA_PS,0.1292,0.048,0.2312,0.183,0.3956,0.43,7.223,23.5,6.348467967,3.09654827,0.758289248,NA,0.632014604
188,OFRA_PS_0GT5_P2,OFRA,PS,OFRA_PS,0.1088,0.0198,0.2314,0.2096,0.4488,0.3546,6.141,17,3.309192201,5.118283347,1.252065383,NA,0.706581237
189,OFRA_PS_1GT37,OFRA,PS,OFRA_PS,0.13575,0.05425,0.253,0.238,0.39875,0.421,7.112,15.5,4.91643454,3.586475258,0.838852316,78.81728046,0.664968631
190,OFRA_PS_1GT42,OFRA,PS,OFRA_PS,0.131333333,0.051666667,0.226333333,0.218,0.419333333,0.405,5.013,21.5,3.846796657,3.891759734,0.767658201,370.2756155,0.28700266
191,OFRA_PS_1GT43,OFRA,PS,OFRA_PS,0.1228,0.0444,0.2346,0.2202,0.4228,0.3818,5.985,17.5,5.515320334,3.010179493,0.821325821,63.32738846,0.857729422
192,OFRA_PS_2CX10,OFRA,PS,OFRA_PS,0.1608,0.071,0.2886,0.2568,0.4672,0.4758,5.105,22.5,6.646239554,2.892829448,0.825861746,264.3412091,0.761363295
193,OFRA_PS_2CX12,OFRA,PS,OFRA_PS,0.1084,0.058,0.2454,0.2306,0.428,0.3666,6.942,20.5,7.325905292,3.46754642,1.030469915,133.2296472,1.17852072
194,OFRA_PS_2CX13,OFRA,PS,OFRA_PS,0.1236,0.0584,0.2622,0.242,0.4402,0.4002,6.283,14.5,5.169916435,3.138655664,0.699909766,53.52278644,0.527865754
195,OFRA_PS_2CX8,OFRA,PS,OFRA_PS,0.1344,0.0406,0.2048,0.2274,0.3856,0.4574,7.005,21,6.002785515,3.348470464,1.052923678,99.55794663,0.964027703
196,OFRA_PS_2GT10,OFRA,PS,OFRA_PS,0.133,0.0608,0.2342,0.2702,0.4078,0.4504,8.954,18,5.04735376,5.462654553,1.381377318,230.0215232,1.381484242
197,OFRA_PS_2GT3,OFRA,PS,OFRA_PS,0.1366,0.056,0.2644,0.2068,0.4618,0.3844,5.873,16,4.442896936,5.064623448,1.780459937,322.6123302,1.57961372
198,OFRA_PS_2GT31,OFRA,PS,OFRA_PS,0.1352,0.0546,0.2402,0.2256,0.4126,0.435,NA,17,NA,NA,NA,NA,NA
199,OFRA_PS_2GT38,OFRA,PS,OFRA_PS,0.1122,0.0564,0.213,0.2038,0.3924,0.3944,7.692,15,5.754874652,2.301744313,0.612198391,NA,0.569495812
200,OFRA_PS_2GT41,OFRA,PS,OFRA_PS,0.1054,0.05,0.2452,0.2498,0.3436,0.4392,13.141,24,5.331476323,4.987511599,1.441852038,233.3312435,1.248336308
201,OFRA_PS_2GT7,OFRA,PS,OFRA_PS,0.1172,0.0428,0.1942,0.218,0.3524,0.4298,9.938,33,5.490250696,5.311114485,1.276061948,176.0620878,1.456796892
202,OFRA_PS_2HS11,OFRA,PS,OFRA_PS,0.1616,0.0512,0.1966,0.2476,0.442,0.533,5.998,27.5,6.359331476,4.226046941,1.0801155,171.5327055,1.128678136
203,OFRA_PS_2HS17,OFRA,PS,OFRA_PS,0.142666667,0.039,0.187666667,0.238666667,0.414666667,0.453333333,7.68,17,4.777158774,4.213916881,1.053701633,150.6474247,1.088390006
204,OFRA_PS_2HS27,OFRA,PS,OFRA_PS,0.1164,0.0506,0.2406,0.244,0.3716,0.4046,6.091,17,5.841225627,4.401004168,1.210632058,193.7806787,1.159613859
205,OFRA_PS_2HS9,OFRA,PS,OFRA_PS,0.14575,0.06225,0.27425,0.234,0.47,0.43225,4.95,15,4.802228412,3.903682497,0.999770229,87.45939676,0.378685142
206,OFRA_PS_4CX12,OFRA,PS,OFRA_PS,0.1868,0.0638,0.28,0.2244,0.5148,0.4864,6.531,22.5,6.688022284,5.786940572,1.403385725,271.9413786,1.252292683
207,OFRA_PS_4HS13,OFRA,PS,OFRA_PS,0.0938,0.0314,0.1814,0.194,0.3462,0.3578,12.212,22,4.353760446,5.03988072,1.00341993,168.4367669,1.068748084
208,OFRA_PS_4HS15,OFRA,PS,OFRA_PS,0.1064,0.0436,0.204,0.2118,0.389,0.4024,11.64,22.5,3.91643454,5.346939234,1.262468439,123.039207,0.940739977
209,OFRA_PS_6CX18,OFRA,PS,OFRA_PS,0.1208,0.0598,0.2482,0.2428,0.3978,0.4114,9.314,18.5,5.682451253,3.479570838,1.229165846,125.8846405,0.749249954
210,OFRA_PS_6EV18,OFRA,PS,OFRA_PS,0.1208,0.0574,0.2696,0.2328,0.4338,0.3872,9.709,24.5,6.197771588,5.053294756,1.229393483,264.8532584,1.489887603
211,OFRA_PS_6GT17,OFRA,PS,OFRA_PS,0.147333333,0.042,0.251333333,0.164,0.459666667,0.388,8,14,3.158774373,2.00035391,0.457060185,96.21347736,0.798022342
212,OFRA_PS_8CX24,OFRA,PS,OFRA_PS,0.1168,0.04607372,0.2502,0.2326,0.3738,0.4364,8.78,30,8.317548747,5.452297471,1.581776122,170.3226166,1.117845092
213,OFRA_PS_8HS23,OFRA,PS,OFRA_PS,0.1405,0.0535,0.277,0.176,0.50375,0.39125,7.692,14,4.125348189,4.343649517,0.825590918,152.7143822,0.87983138
214,OFRA_PS_8HS24,OFRA,PS,OFRA_PS,0.147,0.066,0.2544,0.2458,0.5002,0.4638,5.78,18.5,4.04735376,3.221447463,0.820360091,103.0354296,0.918842656
215,OFRA_PS_9CX5,OFRA,PS,OFRA_PS,0.1144,0.04,0.218,0.2052,0.3784,0.3914,9.574,17.5,8.013927577,4.718717254,1.241323297,144.3060624,1.065929781
216,OFRA_PS_9CX6,OFRA,PS,OFRA_PS,0.1768,0.0632,0.2506,0.265,0.4878,0.5208,5.217,17,6.554317549,3.897481796,1.086764556,147.4091939,1.213201343
217,OFRA_PS_9GT30,OFRA,PS,OFRA_PS,0.1612,0.0622,0.2824,0.2608,0.4572,0.414,6.482,21,6.590529248,1.766880104,0.438367678,47.26479289,0.66465385
218,OFRA_PS_9GT47,OFRA,PS,OFRA_PS,0.1458,0.0768,0.3132,0.2872,0.4588,0.426,9.836,20,6.545961003,4.565283333,1.151473404,153.9541371,1.162217452