"","bag_number","depth","act_depth","species","colony_number","site","colony_id","airbrush_volume","Host_AFDW_mg.cm2","Sym_AFDW_mg.cm2","sym.cm2","W","H","CW","CH","A","CA","di","Cdi","A.CA","D","chla.ug.cm2","chlc2.ug.cm2"
"1","141",15,23,"AAGA",1,"Media Luna","15AA1ML","24.5",NA,NA,16.7693040935789,NA,NA,NA,NA,NA,NA,NA,NA,NA,NA,3.38674262915928,0.915771696550345
"2","143",15,21,"AAGA",2,"Media Luna","15AA2ML","20",NA,NA,NA,NA,NA,NA,NA,NA,NA,NA,NA,NA,NA,4.50523860695022,0.546128520186425
"3","147",15,22,"AAGA",3,"Media Luna","15AA3ML","17",NA,NA,NA,NA,NA,NA,NA,NA,NA,NA,NA,NA,NA,9.66262573856948,2.20410080322669
"4","151",15,20,"AAGA",4,"Media Luna","15AA4ML","16.5",NA,NA,NA,NA,NA,NA,NA,NA,NA,NA,NA,NA,NA,NA,NA
"5","152",15,20,"AAGA",5,"Media Luna","15AA5ML","21",NA,NA,NA,NA,NA,NA,NA,NA,NA,NA,NA,NA,NA,NA,NA
"6","320",30,31,"AAGA",1,"Media Luna","30AA1ML","26",NA,NA,58.5029737552641,NA,NA,NA,NA,NA,NA,NA,NA,NA,NA,6.96140549591251,1.63543568519384
"7","211",30,34,"AAGA",2,"Media Luna","30AA2ML","33",NA,NA,NA,NA,NA,NA,NA,NA,NA,NA,NA,NA,NA,3.74179517774354,0.726687845144211
"8","216",30,30,"AAGA",3,"Media Luna","30AA3ML","27",NA,NA,NA,NA,NA,NA,NA,NA,NA,NA,NA,NA,NA,4.5542141154623,0.926146233013218
"9","323",30,33,"AAGA",4,"Media Luna","30AA4ML","19.5",NA,NA,50.0650008751813,NA,NA,NA,NA,NA,NA,NA,NA,NA,NA,10.0552022064488,2.0918570242976
"10","325",30,30,"AAGA",5,"Media Luna","30AA5ML","27",NA,NA,NA,NA,NA,NA,NA,NA,NA,NA,NA,NA,NA,7.92509707932432,1.51696321154889
"11","337",45,45,"AAGA",1,"Media Luna","45AA1ML","23",NA,NA,NA,NA,NA,NA,NA,NA,NA,NA,NA,NA,NA,6.65927316680038,0.932646285503207
"12","342",45,45,"AAGA",2,"Media Luna","45AA2ML","23.5",NA,NA,NA,NA,NA,NA,NA,NA,NA,NA,NA,NA,NA,6.8969768209514,1.42026899994581
"13","348",45,46,"AAGA",3,"Media Luna","45AA3ML","32",NA,NA,NA,NA,NA,NA,NA,NA,NA,NA,NA,NA,NA,5.68541555061206,1.41901620141578
"14","355",45,48,"AAGA",4,"Media Luna","45AA4ML","23",NA,NA,24.6241149964383,NA,NA,NA,NA,NA,NA,NA,NA,NA,NA,7.43387089428302,2.21796342737994
"15","361",45,40,"AAGA",5,"Media Luna","45AA5ML","40",NA,NA,NA,NA,NA,NA,NA,NA,NA,NA,NA,NA,NA,7.22203932822949,1.54514361465031
"16","160",55,54,"AAGA",1,"Media Luna","55AA1ML","29.5",NA,NA,NA,NA,NA,NA,NA,NA,NA,NA,NA,NA,NA,5.62193828826316,1.02669855433087
"17","163",55,57,"AAGA",2,"Media Luna","55AA2ML","10.5",NA,NA,NA,NA,NA,NA,NA,NA,NA,NA,NA,NA,NA,4.18031459810338,0.826934062478061
"18","171",55,50,"AAGA",3,"Media Luna","55AA3ML","23",NA,NA,NA,NA,NA,NA,NA,NA,NA,NA,NA,NA,NA,2.46267580832249,0.574521612612663
"19","173",55,56,"AAGA",4,"Media Luna","55AA4ML","24",NA,NA,NA,NA,NA,NA,NA,NA,NA,NA,NA,NA,NA,6.30688100491046,1.74685784109406
"20","175",55,64,"AAGA",5,"Media Luna","55AA5ML","19.5",NA,NA,NA,NA,NA,NA,NA,NA,NA,NA,NA,NA,NA,4.22108007172946,1.2640820730706
"21","134",15,13,"CNAT",1,"Media Luna","15CN1ML","26",NA,NA,29.7616580362777,NA,NA,NA,NA,NA,NA,NA,NA,NA,NA,2.49491049266302,0.833047409471686
"22","154",15,24,"CNAT",2,"Media Luna","15CN2ML","17",NA,NA,NA,NA,NA,NA,NA,NA,NA,NA,NA,NA,NA,2.93031608824206,0.722961500365121
"23","157",15,24,"CNAT",3,"Media Luna","15CN3ML","20",NA,NA,7.1633234781567,NA,NA,NA,NA,NA,NA,NA,NA,NA,NA,2.27617319769836,0.717363259977606
"24","306",15,23,"CNAT",4,"Media Luna","15CN4ML","30",NA,NA,NA,NA,NA,NA,NA,NA,NA,NA,NA,NA,NA,4.24858538701082,1.12075945255324
"25","309",15,24,"CNAT",5,"Media Luna","15CN5ML","33",NA,NA,NA,NA,NA,NA,NA,NA,NA,NA,NA,NA,NA,5.61730567457179,1.37413923839644
"26","158",30,28,"CNAT",1,"Media Luna","30CN1ML","15",NA,NA,NA,NA,NA,NA,NA,NA,NA,NA,NA,NA,NA,5.22277532305501,1.44420267106312
"27","159",30,29,"CNAT",2,"Media Luna","30CN2ML","15",NA,NA,4.66967260428011,NA,NA,NA,NA,NA,NA,NA,NA,NA,NA,0.376723837819868,0.125176757321058
"28","327",30,32,"CNAT",3,"Media Luna","30CN3ML","40",NA,NA,18.7998290067308,NA,NA,NA,NA,NA,NA,NA,NA,NA,NA,5.72388290458466,1.51756823782088
"29","212",30,34,"CNAT",4,"Media Luna","30CN4ML","15",NA,NA,11.4724858662062,NA,NA,NA,NA,NA,NA,NA,NA,NA,NA,1.70445979430624,0.608705088954276
"30","218",30,31,"CNAT",5,"Media Luna","30CN5ML","37",NA,NA,NA,NA,NA,NA,NA,NA,NA,NA,NA,NA,NA,3.62307294192099,1.27985827113909
"31","335",45,48,"CNAT",1,"Media Luna","45CN1ML","24.5",NA,NA,NA,NA,NA,NA,NA,NA,NA,NA,NA,NA,NA,1.66577725070059,0.569501190266419
"32","344",45,47,"CNAT",2,"Media Luna","45CN2ML","27",NA,NA,3.91014952668562,NA,NA,NA,NA,NA,NA,NA,NA,NA,NA,2.07195830465112,0.567209186748073
"33","352",45,47,"CNAT",3,"Media Luna","45CN3ML","13",NA,NA,6.48414432485228,NA,NA,NA,NA,NA,NA,NA,NA,NA,NA,6.08269494557855,1.43963843142896
"34","362",45,40,"CNAT",4,"Media Luna","45CN4ML","32",NA,NA,21.1650561225839,NA,NA,NA,NA,NA,NA,NA,NA,NA,NA,5.24651371993027,1.82602572942102
"35","367",45,45,"CNAT",5,"Media Luna","45CN5ML","17",NA,NA,23.8080279204085,NA,NA,NA,NA,NA,NA,NA,NA,NA,NA,5.9566276178836,1.32992113876189
"36","183",55,58,"CNAT",1,"Media Luna","55CN1ML","22",NA,NA,NA,NA,NA,NA,NA,NA,NA,NA,NA,NA,NA,5.36236876921877,1.57944739404698
"37","185",55,61,"CNAT",2,"Media Luna","55CN2ML","13",NA,NA,NA,NA,NA,NA,NA,NA,NA,NA,NA,NA,NA,3.65362993920284,1.14029534769289
"38","188",55,60,"CNAT",3,"Media Luna","55CN3ML","13",NA,NA,NA,NA,NA,NA,NA,NA,NA,NA,NA,NA,NA,1.39199181664291,0.382910320623842
"39","191",55,55,"CNAT",4,"Media Luna","55CN4ML","21.5",NA,NA,20.1908604313255,NA,NA,NA,NA,NA,NA,NA,NA,NA,NA,NA,NA
"40","192",55,63,"CNAT",5,"Media Luna","55CN5ML","35",NA,NA,NA,NA,NA,NA,NA,NA,NA,NA,NA,NA,NA,NA,NA
"41","139",15,14,"MCAV",1,"Media Luna","15MC1ML","13.5",NA,NA,52.9120858119243,NA,NA,NA,NA,NA,NA,NA,NA,NA,NA,5.28497030804029,2.03038290996123
"42","146",15,22,"MCAV",2,"Media Luna","15MC2ML","15",NA,NA,NA,NA,NA,NA,NA,NA,NA,NA,NA,NA,NA,4.71773405020712,1.36591332831883
"43","149",15,24,"MCAV",3,"Media Luna","15MC3ML","21",NA,NA,18.8364049272915,NA,NA,NA,NA,NA,NA,NA,NA,NA,NA,4.66003748222823,1.64777945239727
"44","153",15,21,"MCAV",4,"Media Luna","15MC4ML","25",NA,NA,NA,NA,NA,NA,NA,NA,NA,NA,NA,NA,NA,4.32632273643801,1.55370526117961
"45","155",15,25,"MCAV",5,"Media Luna","15MC5ML","25",NA,NA,20.174761991769,NA,NA,NA,NA,NA,NA,NA,NA,NA,NA,3.67956971034858,0.816800952168717
"46","142",30,25,"MCAV",1,"Media Luna","30MC1ML","21",NA,NA,NA,NA,NA,NA,NA,NA,NA,NA,NA,NA,NA,3.34027082073315,0.886507388585898
"47","210",30,34,"MCAV",2,"Media Luna","30MC2ML","35",NA,NA,NA,NA,NA,NA,NA,NA,NA,NA,NA,NA,NA,5.37174348582089,1.284272888688
"48","214",30,29,"MCAV",3,"Media Luna","30MC3ML","37",NA,NA,NA,NA,NA,NA,NA,NA,NA,NA,NA,NA,NA,7.70877428478338,2.46508855387332
"49","321",30,34,"MCAV",4,"Media Luna","30MC4ML","19",NA,NA,NA,NA,NA,NA,NA,NA,NA,NA,NA,NA,NA,1.38786204143517,0.610146482232442
"50","318",30,31,"MCAV",5,"Media Luna","30MC5ML","17",NA,NA,NA,NA,NA,NA,NA,NA,NA,NA,NA,NA,NA,3.68323355697622,1.3018830185232
"51","339",45,48,"MCAV",1,"Media Luna","45MC1ML","35",NA,NA,NA,NA,NA,NA,NA,NA,NA,NA,NA,NA,NA,5.26334855250756,1.05672712026989
"52","353",45,48,"MCAV",2,"Media Luna","45MC2ML","23",NA,NA,NA,NA,NA,NA,NA,NA,NA,NA,NA,NA,NA,6.6104352731597,1.7731048468276
"53","364",45,40,"MCAV",3,"Media Luna","45MC3ML","22",NA,NA,NA,NA,NA,NA,NA,NA,NA,NA,NA,NA,NA,2.48411208362683,0.722845509924804
"54","368",45,42,"MCAV",4,"Media Luna","45MC4ML","20",NA,NA,NA,NA,NA,NA,NA,NA,NA,NA,NA,NA,NA,3.87518934132671,1.03633279153293
"55","369",45,45,"MCAV",5,"Media Luna","45MC5ML","20",NA,NA,11.9852484479629,NA,NA,NA,NA,NA,NA,NA,NA,NA,NA,4.40480094136646,1.09003427449017
"56","164",55,59,"MCAV",1,"Media Luna","55MC1ML","39",NA,NA,37.9186639106628,NA,NA,NA,NA,NA,NA,NA,NA,NA,NA,7.95425128222239,2.71239509362192
"57","166",55,55,"MCAV",2,"Media Luna","55MC2ML","19",NA,NA,NA,NA,NA,NA,NA,NA,NA,NA,NA,NA,NA,2.333633467612,0.758302767515981
"58","176",55,64,"MCAV",3,"Media Luna","55MC3ML","21",NA,NA,NA,NA,NA,NA,NA,NA,NA,NA,NA,NA,NA,4.63625859118463,1.33435337985034
"59","177",55,63,"MCAV",4,"Media Luna","55MC4ML","23",NA,NA,12.2039181363826,NA,NA,NA,NA,NA,NA,NA,NA,NA,NA,3.51732985296163,0.91717497372488
"60","181",55,63,"MCAV",5,"Media Luna","55MC5ML","25",NA,NA,NA,NA,NA,NA,NA,NA,NA,NA,NA,NA,NA,2.52735150865947,0.556978137252094
"61","140",15,23,"OFAV",1,"Media Luna","15OFA1ML","22",6.5568301885778,11.6234716979334,209.123144660787,0.4154,0.3816,0.2894,0.2706,0.1254,0.0596,0.3985,0.28,2.10402684563758,8.283,6.8660691759944,1.55896088676833
"62","144",15,21,"OFAV",2,"Media Luna","15OFA2ML","26.5",2.81622366882552,6.16604761174429,97.8267169170969,0.3574,0.41,0.2392,0.2752,0.1154,0.048,0.3837,0.2572,2.40416666666667,8.718,4.59706517617897,0.904600686886428
"63","145",15,22,"OFAV",3,"Media Luna","15OFA3ML","13.5",2.83103316079611,5.37610337605727,76.6380694033696,0.406,0.418,0.2554,0.2628,0.1398,0.0516,0.412,0.2591,2.7093023255814,8.74,3.16048153824876,0.790287196280419
"64","148",15,24,"OFAV",4,"Media Luna","15OFA4ML","9",2.7953476983952,5.2742409403683,61.7965230144657,0.3144,0.4386,0.2362,0.2974,0.1204,0.0536,0.3765,0.2668,2.24626865671642,9.701,5.50599987768965,1.20569147896819
"65","150",15,24,"OFAV",5,"Media Luna","15OFA5ML","18",2.89028625484988,5.84857924510799,97.8163544333748,0.3524,0.3736,0.2114,0.2258,0.11,0.0384,0.363,0.2186,2.86458333333333,7.705,5.47874728350212,1.58176865886008
"66","156",15,20,"OFAV",6,"Media Luna","15OFA6ML","16.5",2.84117337367591,4.57359616250268,113.877924656833,0.363,0.3572,0.2406,0.2284,0.1004,0.0418,0.3601,0.2345,2.40191387559809,9.33,5.08188900874445,1.18081937286433
"67","328",30,31,"OFAV",1,"Media Luna","30OFA1ML","17.5",4.15706650832623,7.67458432306382,183.870249406737,0.3612,0.3044,0.2348,0.2054,0.0916,0.0368,0.3328,0.2201,2.48913043478261,9.427,7.01488984562713,1.64113524347295
"68","329",30,32,"OFAV",2,"Media Luna","30OFA2ML","16.5",2.4083264188996,3.04727016268929,47.5521593935789,0.446,0.388,0.2786,0.2478,0.1374,0.0524,0.417,0.2632,2.62213740458015,6.993,0.397365667531975,0.0940476041339671
"69","330",30,30,"OFAV",3,"Media Luna","30OFA3ML","10.5",2.08732298480403,4.92745098052098,147.13916122389,0.355,0.4058,0.2304,0.262,0.1098,0.045,0.3804,0.2462,2.44,8.867,6.09360297310775,1.13150014981172
"70","331",30,31,"OFAV",4,"Media Luna","30OFA4ML","14.5",2.51591050835104,3.73328656077896,139.72771801215,0.3652,0.4142,0.2304,0.2666,0.1198,0.0472,0.3897,0.2485,2.53813559322034,6.563,0.151144000109218,0.0974712425977288
"71","333",30,32,"OFAV",5,"Media Luna","30OFA5ML","17.5",0.898712548568223,2.09699594665919,12.8721849404303,0.3482,0.357,0.2516,0.2384,0.0946,0.0446,0.3526,0.245,2.12107623318386,7.829,1.21045762455907,0.309157116707469
"72","338",45,45,"OFAV",1,"Media Luna","45OFA1ML","19.5",4.77306818184115,7.86152406420896,86.5703542784915,0.3388,0.3626,0.2098,0.2272,0.102,0.0356,0.3507,0.2185,2.86516853932584,9.231,4.27064816178526,0.489005514708236
"73","343",45,46,"OFAV",2,"Media Luna","45OFA2ML","27.5",4.28093729000456,5.04931064974897,122.025007361616,0.4734,0.443,0.306,0.2874,0.1668,0.0678,0.4582,0.2967,2.46017699115044,6.131,5.15743175822729,1.31336960704883
"74","350",45,47,"OFAV",3,"Media Luna","45OFA3ML","40.5",3.89160474696372,5.57603068221668,95.128116026565,0.442,0.4372,0.2848,0.3,0.1574,0.0676,0.4396,0.2924,2.32840236686391,5.961,2.68603980776377,0.656577612831014
"75","363",45,40,"OFAV",4,"Media Luna","45OFA4ML","23",3.80634019193239,8.38498129237281,109.470589092416,0.4126,0.3748,0.2206,0.2274,0.1288,0.038,0.3937,0.224,3.38947368421053,7.365,6.30815382069352,1.40795972056073
"76","366",45,44,"OFAV",5,"Media Luna","45OFA5ML","38.5",NA,NA,169.321557577293,0.43,0.4004,0.2602,0.2428,0.1392,0.047,0.4152,0.2515,2.96170212765957,7.313,5.31311604013036,1.51463399222749
"77","161",55,54,"OFAV",1,"Media Luna","55OFA1ML","28",2.7306737037568,6.24153989430126,99.6045741569602,0.4156,0.3936,0.2456,0.2538,0.1248,0.048,0.4046,0.2497,2.6,8.447,5.35152231179013,2.00634299902314
"78","180",55,59,"OFAV",2,"Media Luna","55OFA2ML","23",2.39680696646465,2.19707305259259,98.701842435111,0.418,0.4458,0.2704,0.2886,0.1416,0.0606,0.4319,0.2795,2.33663366336634,5.986,3.69307174524786,0.729078719111465
"79","182",55,63,"OFAV",3,"Media Luna","55OFA3ML","17",4.09824420893964,4.66222276980289,279.482708999881,0.3644,0.4308,0.2248,0.2518,0.1194,0.0434,0.3976,0.2383,2.75115207373272,8.885,12.0104874321438,1.94779395636806
"80","190",55,62,"OFAV",4,"Media Luna","55OFA4ML","26.5",3.79583242096003,3.11986226380276,195.858019901218,0.341,0.4452,0.229,0.2578,0.1252,0.0438,0.3931,0.2434,2.85844748858448,6.515,5.9306675052396,1.14561342326837
"81","195",55,62,"OFAV",5,"Media Luna","55OFA5ML","14.5",1.27693089426169,6.56707317048869,93.8848238398997,0.3008,0.4578,0.1974,0.2542,0.1086,0.0392,0.3793,0.2258,2.77040816326531,9.662,4.86845104995534,1.23315040645843
"82","307",15,25,"OFRA",1,"Media Luna","15OFR1ML","19.5",3.41224987130891,5.74694715167816,215.510518187931,0.4558,0.442,0.2602,0.2446,0.1518,0.0464,0.4489,0.2524,3.27155172413793,7.186,7.66548464182159,2.51491795120391
"83","308",15,25,"OFRA",2,"Media Luna","15OFR2ML","21",4.02422958406393,7.13574730370099,196.647919881062,0.394,0.3898,0.2278,0.202,0.116,0.0336,0.3919,0.2149,3.45238095238095,9.029,6.17529784297106,1.57106752699914
"84","310",15,25,"OFRA",3,"Media Luna","15OFR3ML","23.5",3.1094934711578,4.08676284780739,35.907246030066,0.3258,0.3776,0.2154,0.2368,0.1,0.0398,0.3517,0.2261,2.51256281407035,10.171,4.06148710802041,0.85995263011634
"85","311",15,25,"OFRA",4,"Media Luna","15OFR4ML","25",2.51166044781586,5.58146766181303,148.374015296684,0.3786,0.352,0.2438,0.221,0.1068,0.0416,0.3653,0.2324,2.56730769230769,7.845,4.98429713422955,1.19956205304228
"86","312",15,26,"OFRA",5,"Media Luna","15OFR5ML","21",3.12990974620768,5.08043321123566,114.712956233789,0.459,0.4918,0.2682,0.2806,0.1644,0.0558,0.4754,0.2744,2.94623655913978,7.5,5.62582376459659,1.46561425941986
"87","313",30,29,"OFRA",1,"Media Luna","30OFR1ML","30",3.30894401444332,8.82385070518219,126.638598067293,0.34,0.3802,0.23,0.2504,0.1078,0.0454,0.3601,0.2402,2.37444933920705,7.257,5.2523971322597,1.29747371410783
"88","317",30,32,"OFRA",2,"Media Luna","30OFR2ML","27.5",1.93101637216119,9.01140973675223,101.437958813976,0.4604,0.431,0.261,0.2542,0.1596,0.052,0.4457,0.2576,3.06923076923077,6.997,2.48694644982308,0.620321129775559
"89","213",30,31,"OFRA",3,"Media Luna","30OFR3ML","26.5",2.81041196658768,2.55491996962517,70.7712831586171,0.4002,0.3876,0.2626,0.2718,0.12,0.055,0.3939,0.2672,2.18181818181818,9.019,3.11465183657065,0.659475942559648
"90","332",30,36,"OFRA",4,"Media Luna","30OFR4ML","26.5",2.61072996723155,4.52526527653469,115.16219967146,0.4682,0.3702,0.261,0.2232,0.1416,0.0454,0.4192,0.2421,3.11894273127753,6.548,3.68181094439904,0.858538549724095
"91","334",30,35,"OFRA",5,"Media Luna","30OFR5ML","30.5",5.60172237418584,7.96689404328652,58.8180849289513,0.4012,0.5106,0.2528,0.2934,0.1626,0.0592,0.4559,0.2731,2.74662162162162,5.592,2.43438406110174,0.565649477073344
"92","345",45,45,"OFRA",1,"Media Luna","45OFR1ML","30",2.35425588791998,4.42023554466609,87.6039435780994,0.429,0.4434,0.2442,0.2078,0.1598,0.045,0.4362,0.226,3.55111111111111,5.626,5.09143870291593,1.35417759593928
"93","347",45,46,"OFRA",2,"Media Luna","45OFR2ML","21.5",2.69500698406359,4.58151187290811,49.5207533321685,0.5172,0.5474,0.3018,0.3208,0.2196,0.0768,0.5323,0.3113,2.859375,4.014,4.30424057103103,1.13894363905258
"94","371",45,45,"OFRA",3,"Media Luna","45OFR3ML","20.5",2.49236280028008,3.8344043081232,119.612112163027,0.4272,0.4478,0.2602,0.2652,0.1558,0.0544,0.4375,0.2627,2.86397058823529,5.488,NA,NA
"95","372",45,42,"OFRA",4,"Media Luna","45OFR4ML","32",5.20680964121987,9.1436657114105,245.947674914196,0.424,0.43,0.2702,0.2692,0.1438,0.0568,0.427,0.2697,2.53169014084507,7.229,8.92089468915912,1.4918779575666
"96","373",45,45,"OFRA",5,"Media Luna","45OFR5ML","23.5",2.25966312030482,4.45567375834754,98.7674349724603,0.4516,0.4202,0.281,0.2824,0.1456,0.0608,0.4359,0.2817,2.39473684210526,5.468,3.30598262372935,0.661476595667823
"97","170",55,52,"OFRA",1,"Media Luna","55OFR1ML","25",3.21803907082697,9.17326079959871,142.284179611611,0.4162,0.5032,0.268,0.2996,0.172,0.0602,0.4597,0.2838,2.85714285714286,5.36,3.4836320962089,1.14787823545946
"98","187",55,60,"OFRA",2,"Media Luna","55OFR2ML","33",2.84111201307506,4.89545454560626,121.512175328441,0.5084,0.429,0.3048,0.2602,0.1808,0.063,0.4687,0.2825,2.86984126984127,5.408,2.48107755689507,0.62229094969461
"99","189",55,63,"OFRA",3,"Media Luna","55OFR3ML","25.5",2.34159887619247,2.61030694395226,43.6330719603987,0.3902,0.3784,0.2046,0.2306,0.1174,0.0384,0.3843,0.2176,3.05729166666667,6.835,3.57386848369433,1.10120404854645
"100","193",55,60,"OFRA",4,"Media Luna","55OFR4ML","18.5",3.96845924001245,5.95268886001868,65.6685517191786,0.4168,0.4768,0.2666,0.2788,0.1544,0.0572,0.4468,0.2727,2.6993006993007,6.25,4.63747532689122,1.06765726625049
"101","194",55,64,"OFRA",5,"Media Luna","55OFR5ML","22.5",3.04518406280456,5.73211117704387,80.276094027706,0.4584,0.4846,0.278,0.2972,0.1802,0.063,0.4715,0.2876,2.86031746031746,6.313,3.2540677669819,0.839515449471217
"102","128",15,15,"PAST",1,"Media Luna","15PA1ML","16",NA,NA,NA,0.0994,0.1014,0.1494,0.17,0.008,0.021,0.1004,0.1597,0.380952380952381,49.02,4.66250520360741,1.65822975622395
"103","130",15,15,"PAST",2,"Media Luna","15PA2ML","15",NA,NA,NA,0.0874,0.0878,0.1596,0.1528,0.0062,0.0188,0.0876,0.1562,0.329787234042553,50.167,11.6901957741803,2.7974881296876
"104","132",15,13,"PAST",3,"Media Luna","15PA3ML","15.5",NA,NA,NA,0.0974,0.101,0.1466,0.1452,0.0072,0.0182,0.0992,0.1459,0.395604395604396,60.501,4.93225823917744,1.36129316570548
"105","133",15,13,"PAST",4,"Media Luna","15PA4ML","22.5",NA,NA,NA,0.0816,0.0824,0.1408,0.1528,0.0056,0.017,0.082,0.1468,0.329411764705882,64.182,4.50599232166746,1.37765583170843
"106","136",15,14,"PAST",5,"Media Luna","15PA5ML","15",NA,NA,NA,0.0716,0.073,0.1222,0.1258,0.0044,0.012,0.0723,0.124,0.366666666666667,76.449,3.14509188215993,1.14042515204617
"107","315",30,29,"PAST",1,"Media Luna","30PA1ML","27",NA,NA,NA,0.0784,0.0724,0.1862,0.1406,0.0044,0.0216,0.0754,0.1634,0.203703703703704,53.358,7.46038385272917,2.19598844635151
"108","316",30,32,"PAST",2,"Media Luna","30PA2ML","Missing",NA,NA,NA,NA,NA,NA,NA,NA,NA,NA,NA,NA,NA,NA,NA
"109","217",30,31,"PAST",3,"Media Luna","30PA3ML","19",NA,NA,NA,0.073,0.0826,0.1632,0.1716,0.005,0.021,0.0778,0.1674,0.238095238095238,49.219,5.6973984706775,1.5688821925476
"110","322",30,33,"PAST",4,"Media Luna","30PA4ML","19.5",NA,NA,NA,0.0814,0.0848,0.1494,0.165,0.0052,0.0198,0.0831,0.1572,0.262626262626263,44.465,3.47858218716261,1.00822693062059
"111","326",30,31,"PAST",5,"Media Luna","30PA5ML","13.5",NA,NA,NA,0.088,0.0904,0.1474,0.1544,0.0066,0.0178,0.0892,0.1509,0.370786516853933,46.766,3.8968499003887,1.15952245024973
"112","336",45,45,"PAST",1,"Media Luna","45PA1ML","23",NA,NA,NA,0.1014,0.0998,0.1732,0.1692,0.0082,0.0246,0.1006,0.1712,0.333333333333333,41.975,7.56361269338838,1.83756476910552
"113","340",45,44,"PAST",2,"Media Luna","45PA2ML","21",NA,NA,NA,0.0946,0.092,0.1498,0.1532,0.0066,0.018,0.0933,0.1515,0.366666666666667,49.96,12.8112487436381,3.46464879080738
"114","351",45,46,"PAST",3,"Media Luna","45PA3ML","15",NA,NA,NA,0.1072,0.1016,0.1952,0.18,0.0088,0.0236,0.1044,0.1876,0.372881355932203,42.434,4.57001647668821,1.18175035135341
"115","354",45,48,"PAST",4,"Media Luna","45PA4ML","37.5",NA,NA,NA,0.0732,0.071,0.1262,0.1206,0.0042,0.0118,0.0721,0.1234,0.355932203389831,64.769,12.7600421910851,2.84235826613415
"116","360",45,40,"PAST",5,"Media Luna","45PA5ML","18.5",NA,NA,NA,0.0812,0.0728,0.1832,0.126,0.0048,0.0192,0.077,0.1546,0.25,48.204,8.50243757838962,1.76598889414718
"117","167",55,54,"PAST",1,"Media Luna","55PA1ML","25",NA,NA,NA,0.087,0.083,0.1768,0.1522,0.0058,0.0198,0.085,0.1645,0.292929292929293,45.267,13.9066354969335,3.54363039119429
"118","172",55,50,"PAST",2,"Media Luna","55PA2ML","13.5",NA,NA,NA,0.0874,0.0954,0.1726,0.1806,0.0064,0.0218,0.0914,0.1766,0.293577981651376,44.86,3.99304037749441,0.814891075916291
"119","178",55,62,"PAST",3,"Media Luna","55PA3ML","26.5",NA,NA,NA,0.0908,0.087,0.1592,0.1656,0.0068,0.0208,0.0889,0.1624,0.326923076923077,43.382,7.1552208629896,1.63737555663684
"120","184",55,61,"PAST",4,"Media Luna","55PA4ML","33",NA,NA,NA,0.0774,0.0814,0.139,0.1506,0.005,0.0158,0.0794,0.1448,0.316455696202532,50,16.6559652731778,4.19028860252904
"121","186",55,65,"PAST",5,"Media Luna","55PA5ML","15.5",NA,NA,NA,0.093,0.0856,0.1894,0.1686,0.0066,0.026,0.0893,0.179,0.253846153846154,35.863,5.49226326802828,1.6759830586282
"122","129",15,16,"PPOR",1,"Media Luna","15PP1ML","15",NA,NA,NA,NA,NA,NA,NA,NA,NA,NA,NA,NA,NA,4.51754824051349,0.68785307857227
"123","131",15,15,"PPOR",2,"Media Luna","15PP2ML","31.5",NA,NA,NA,NA,NA,NA,NA,NA,NA,NA,NA,NA,NA,6.43768769853923,1.86462457386727
"124","135",15,14,"PPOR",3,"Media Luna","15PP3ML","20.5",NA,NA,37.4148066677288,NA,NA,NA,NA,NA,NA,NA,NA,NA,NA,13.6028091660611,3.56032374370403
"125","137",15,14,"PPOR",4,"Media Luna","15PP4ML","15",NA,NA,70.6123158104652,NA,NA,NA,NA,NA,NA,NA,NA,NA,NA,9.77966227087874,3.88784424529837
"126","138",15,16,"PPOR",5,"Media Luna","15PP5ML","34.5",NA,NA,NA,NA,NA,NA,NA,NA,NA,NA,NA,NA,NA,23.3988723626974,8.66362249163243
"127","314",30,29,"PPOR",1,"Media Luna","30PP1ML","Missing? ",NA,NA,NA,NA,NA,NA,NA,NA,NA,NA,NA,NA,NA,NA,NA
"128","319",30,31,"PPOR",2,"Media Luna","30PP2ML","16",NA,NA,NA,NA,NA,NA,NA,NA,NA,NA,NA,NA,NA,3.07173155509286,1.02804941399394
"129","215",30,30,"PPOR",3,"Media Luna","30PP3ML","36.5",NA,NA,-31.2583492329936,NA,NA,NA,NA,NA,NA,NA,NA,NA,NA,-15.1931239629927,-4.45357810396808
"130","219",30,31,"PPOR",4,"Media Luna","30PP4ML","14",NA,NA,101.071298003813,NA,NA,NA,NA,NA,NA,NA,NA,NA,NA,11.3763785665633,1.94550763282567
"131","324",30,33,"PPOR",5,"Media Luna","30PP5ML","22.5",NA,NA,NA,NA,NA,NA,NA,NA,NA,NA,NA,NA,NA,19.0154703753066,4.34298155682406
"132","341",45,44,"PPOR",1,"Media Luna","45PP1ML","23",NA,NA,NA,NA,NA,NA,NA,NA,NA,NA,NA,NA,NA,NA,NA
"133","346",45,46,"PPOR",2,"Media Luna","45PP2ML","14.5",NA,NA,NA,NA,NA,NA,NA,NA,NA,NA,NA,NA,NA,11.6283260634088,3.28171322267204
"134","349",45,46,"PPOR",3,"Media Luna","45PP3ML","16",NA,NA,NA,NA,NA,NA,NA,NA,NA,NA,NA,NA,NA,10.9739729444645,1.89146339525431
"135","365",45,45,"PPOR",4,"Media Luna","45PP4ML","15",NA,NA,NA,NA,NA,NA,NA,NA,NA,NA,NA,NA,NA,8.72565001792446,1.36368942781358
"136","370",45,44,"PPOR",5,"Media Luna","45PP5ML","20",NA,NA,NA,NA,NA,NA,NA,NA,NA,NA,NA,NA,NA,21.9829805582824,4.67155926625183
"137","162",55,57,"PPOR",1,"Media Luna","55PP1ML","14",NA,NA,NA,NA,NA,NA,NA,NA,NA,NA,NA,NA,NA,3.15047956401442,1.21071770923619
"138","165",55,54,"PPOR",2,"Media Luna","55PP2ML","15",NA,NA,31.4638239692546,NA,NA,NA,NA,NA,NA,NA,NA,NA,NA,4.8738579066814,1.57198620094901
"139","169",55,52,"PPOR",3,"Media Luna","55PP3ML","23.5",NA,NA,NA,NA,NA,NA,NA,NA,NA,NA,NA,NA,NA,22.9998779319992,5.60637685784009
"140","174",55,56,"PPOR",4,"Media Luna","55PP4ML","15",NA,NA,33.3918974777447,NA,NA,NA,NA,NA,NA,NA,NA,NA,NA,2.90815600449925,0.722378048768542
"141","179",55,59,"PPOR",5,"Media Luna","55PP5ML","17.5",NA,NA,NA,NA,NA,NA,NA,NA,NA,NA,NA,NA,NA,NA,NA
"142","5",15,15,"AAGA",1,"Turrumote","15AA1AT","11",NA,NA,NA,NA,NA,NA,NA,NA,NA,NA,NA,NA,NA,2.98472727763318,0.752418007130826
"143","5",15,15,"AAGA",1,"Turrumote","15AA1BT","10",NA,NA,NA,NA,NA,NA,NA,NA,NA,NA,NA,NA,NA,1.5369200031237,0.485519087529607
"144","7",15,15,"AAGA",2,"Turrumote","15AA2AT","13",NA,NA,24.5153696472681,NA,NA,NA,NA,NA,NA,NA,NA,NA,NA,3.41483966242217,0.787124961008025
"145","7",15,15,"AAGA",2,"Turrumote","15AA2BT","12",NA,NA,NA,NA,NA,NA,NA,NA,NA,NA,NA,NA,NA,1.36154966463666,0.215400000032768
"146","263",15,16,"AAGA",3,"Turrumote","15AA3T","33.5",NA,NA,NA,NA,NA,NA,NA,NA,NA,NA,NA,NA,NA,7.50886278795247,1.63510463986863
"147","265",15,16,"AAGA",4,"Turrumote","15AA4T","13",NA,NA,5.51107269981502,NA,NA,NA,NA,NA,NA,NA,NA,NA,NA,6.38705104956571,1.69383218781909
"148","268",15,15,"AAGA",5,"Turrumote","15AA5T","39",NA,NA,27.1642624449424,NA,NA,NA,NA,NA,NA,NA,NA,NA,NA,7.67760207464229,1.61305952335272
"149","92/ PAN 82",30,31,"AAGA",1,"Turrumote","30AA1T","12",NA,NA,28.3020012055725,NA,NA,NA,NA,NA,NA,NA,NA,NA,NA,2.57798574906851,0.644632504580657
"150","100/ PAN 90",30,29,"AAGA",2,"Turrumote","30AA2T","23",NA,NA,32.4792132857201,NA,NA,NA,NA,NA,NA,NA,NA,NA,NA,4.21956779399581,0.880718667309025
"151","115",30,30,"AAGA",3,"Turrumote","30AA3T","16",NA,NA,NA,NA,NA,NA,NA,NA,NA,NA,NA,NA,NA,5.6574799409629,1.56307964600663
"152","120",30,30,"AAGA",4,"Turrumote","30AA4T","33",NA,NA,NA,NA,NA,NA,NA,NA,NA,NA,NA,NA,NA,5.38207527407744,1.26041815051838
"153","121",30,30,"AAGA",5,"Turrumote","30AA5T","15",NA,NA,NA,NA,NA,NA,NA,NA,NA,NA,NA,NA,NA,5.57870456190108,1.0616538037719
"154","25",45,47,"AAGA",1,"Turrumote","45AA1T","30",NA,NA,NA,NA,NA,NA,NA,NA,NA,NA,NA,NA,NA,3.10642434382022,0.668688802851952
"155","26",45,46,"AAGA",2,"Turrumote","45AA2T","33",NA,NA,NA,NA,NA,NA,NA,NA,NA,NA,NA,NA,NA,4.98262033329388,1.0399848879996
"156","28",45,46,"AAGA",3,"Turrumote","45AA3T","25",NA,NA,NA,NA,NA,NA,NA,NA,NA,NA,NA,NA,NA,4.78554929052958,1.60149071121004
"157","30",45,47,"AAGA",4,"Turrumote","45AA4T","22",NA,NA,35.7974184559168,NA,NA,NA,NA,NA,NA,NA,NA,NA,NA,4.55934598467649,1.32436829732575
"158","34",45,45,"AAGA",5,"Turrumote","45AA5T","17",NA,NA,NA,NA,NA,NA,NA,NA,NA,NA,NA,NA,NA,3.39761546544681,0.855418280228101
"159","55",55,54,"AAGA",1,"Turrumote","55AA1T","13",NA,NA,NA,NA,NA,NA,NA,NA,NA,NA,NA,NA,NA,5.30401309046089,1.14754723962295
"160","59",55,56,"AAGA",2,"Turrumote","55AA2T","14",NA,NA,NA,NA,NA,NA,NA,NA,NA,NA,NA,NA,NA,6.27149644041607,1.8113439474717
"161","62",55,54,"AAGA",3,"Turrumote","55AA3T","17",NA,NA,NA,NA,NA,NA,NA,NA,NA,NA,NA,NA,NA,5.72940921399379,1.69663399991355
"162","65",55,56,"AAGA",4,"Turrumote","55AA4T","14",NA,NA,48.5901415944687,NA,NA,NA,NA,NA,NA,NA,NA,NA,NA,9.42852916776483,2.37243077255472
"163","69",55,54,"AAGA",5,"Turrumote","55AA5T","20",NA,NA,NA,NA,NA,NA,NA,NA,NA,NA,NA,NA,NA,6.06135710331173,1.78418033587024
"164","10",15,15,"CNAT",1,"Turrumote","15CN1AT","16",NA,NA,110.052262080268,NA,NA,NA,NA,NA,NA,NA,NA,NA,NA,11.8890793540706,2.34789360352621
"165","10",15,15,"CNAT",1,"Turrumote","15CN1BT","17",NA,NA,NA,NA,NA,NA,NA,NA,NA,NA,NA,NA,NA,NA,NA
"166","201",15,15,"CNAT",2,"Turrumote","15CN2T","17",NA,NA,13.0007793513966,NA,NA,NA,NA,NA,NA,NA,NA,NA,NA,1.45123496395622,0.413527228540032
"167","208",15,16,"CNAT",3,"Turrumote","15CN3T","12",NA,NA,14.5931168875896,NA,NA,NA,NA,NA,NA,NA,NA,NA,NA,2.96614192298702,1.0135362600509
"168","269",15,15,"CNAT",4,"Turrumote","15CN4T","16",NA,NA,NA,NA,NA,NA,NA,NA,NA,NA,NA,NA,NA,1.88763156093432,0.716238313801144
"169","272",15,22,"CNAT",5,"Turrumote","15CN5T","24",NA,NA,NA,NA,NA,NA,NA,NA,NA,NA,NA,NA,NA,7.5653693607099,1.74998373575551
"170","94/ PAN 84",30,31,"CNAT",1,"Turrumote","30CN1T","36",NA,NA,NA,NA,NA,NA,NA,NA,NA,NA,NA,NA,NA,3.11833205864984,0.879668402594698
"171","99/ PAN 89",30,30,"CNAT",2,"Turrumote","30CN2T","22",NA,NA,41.6643587212574,NA,NA,NA,NA,NA,NA,NA,NA,NA,NA,4.58289345814606,0.719965698815653
"172","101/ PAN 91",30,30,"CNAT",3,"Turrumote","30CN3T","20",NA,NA,59.1898808045763,NA,NA,NA,NA,NA,NA,NA,NA,NA,NA,3.9729782979188,1.20822943133129
"173","111",30,30,"CNAT",4,"Turrumote","30CN4T","16",NA,NA,NA,NA,NA,NA,NA,NA,NA,NA,NA,NA,NA,2.71085448965449,0.651316832133445
"174","114",30,30,"CNAT",5,"Turrumote","30CN5T","23",NA,NA,53.8451070591251,NA,NA,NA,NA,NA,NA,NA,NA,NA,NA,4.12146204698249,1.37937400004036
"175","18",45,45,"CNAT",1,"Turrumote","45CN1T","25",NA,NA,9.23519148122375,NA,NA,NA,NA,NA,NA,NA,NA,NA,NA,2.399801617508,1.01753558756522
"176","23",45,46,"CNAT",2,"Turrumote","45CN2T","20",NA,NA,NA,NA,NA,NA,NA,NA,NA,NA,NA,NA,NA,1.22372496552222,0.331852377117243
"177","39",45,47,"CNAT",3,"Turrumote","45CN3T","13.5",NA,NA,NA,NA,NA,NA,NA,NA,NA,NA,NA,NA,NA,9.93648171378127,3.00817890077471
"178","42",45,42,"CNAT",4,"Turrumote","45CN4T","19",NA,NA,NA,NA,NA,NA,NA,NA,NA,NA,NA,NA,NA,0.766892671190688,0.220763667231611
"179","43",45,44,"CNAT",5,"Turrumote","45CN5T","29",NA,NA,21.6268966784304,NA,NA,NA,NA,NA,NA,NA,NA,NA,NA,5.72375613326188,1.6529774942754
"180","45",45,47,"CNAT",6,"Turrumote","45CN6T","38",NA,NA,34.6018252366419,NA,NA,NA,NA,NA,NA,NA,NA,NA,NA,6.07464365595249,1.75380984950027
"181","50",45,44,"CNAT",7,"Turrumote","45CN7T","17.5",NA,NA,NA,NA,NA,NA,NA,NA,NA,NA,NA,NA,NA,6.88136662258305,1.91181175586801
"182","66",55,53,"CNAT",1,"Turrumote","55CN1T","26",NA,NA,NA,NA,NA,NA,NA,NA,NA,NA,NA,NA,NA,1.10389223317353,0.353230474822753
"183","67",55,53,"CNAT",2,"Turrumote","55CN2T","16",NA,NA,NA,NA,NA,NA,NA,NA,NA,NA,NA,NA,NA,8.62855680299105,1.57900986289257
"184","80",55,53,"CNAT",3,"Turrumote","55CN3T","16",NA,NA,16.0843225270074,NA,NA,NA,NA,NA,NA,NA,NA,NA,NA,2.38013327578434,0.734526056855322
"185","81",55,53,"CNAT",4,"Turrumote","55CN4T","37",NA,NA,NA,NA,NA,NA,NA,NA,NA,NA,NA,NA,NA,8.30386407679166,2.43932608065486
"186","84",55,55,"CNAT",5,"Turrumote","55CN5T","20",NA,NA,8.6910910260038,NA,NA,NA,NA,NA,NA,NA,NA,NA,NA,2.89644541777983,0.875350133680005
"187","87",55,53,"CNAT",6,"Turrumote","55CN6T","15",NA,NA,NA,NA,NA,NA,NA,NA,NA,NA,NA,NA,NA,4.90103198289186,1.05785919414612
"188","71",15,16,"MCAV",1,"Turrumote","15MC1T","17",NA,NA,18.4688798571225,0.5484,0.4968,1.1002,0.8894,0.2074,0.8164,0.5226,0.9948,0.254042136207741,1.091,0.744807351266271,0.241087795866258
"189","258",15,18,"MCAV",2,"Turrumote","15MC2T","37",NA,NA,100.441803440765,0.6244,0.5092,1.1092,0.8418,0.2428,0.758,0.5668,0.9755,0.320316622691293,1.664,5.41149355971227,2.49044251814613
"190","206",15,15,"MCAV",3,"Turrumote","15MC3T","18.5",NA,NA,NA,0.509333333333333,0.553666666666667,0.783,0.904666666666667,0.23,0.582,0.5315,0.843833333333333,0.395189003436426,1.647,3.34732985623775,1.35841306002256
"191","207",15,16,"MCAV",4,"Turrumote","15MC4T","23",NA,NA,67.173136653763,0.5208,0.3876,0.923,0.6206,0.164,0.4622,0.4542,0.7718,0.354824751189961,2.322,7.11668258364214,1.68671467410891
"192","261",15,15,"MCAV",5,"Turrumote","15MC5T","15.5",NA,NA,NA,0.5362,0.477,0.809,0.783,0.205,0.4462,0.5066,0.796,0.459435230838189,2.271,6.09180973622286,1.99189673193211
"193","98/ PAN 88",30,31,"MCAV",1,"Turrumote","30MC1T","23",NA,NA,32.4010477092101,0.597,0.4816,1,0.7622,0.2304,0.5876,0.5393,0.8811,0.392103471749489,2.062,3.22188915735596,1.00447238177837
"194","122",30,31,"MCAV",2,"Turrumote","30MC2T","15",NA,NA,79.5502413135567,0.654,0.6488,1.0584,1.1056,0.3596,0.922,0.6514,1.082,0.39002169197397,1.602,4.95916335619738,1.56625367445649
"195","123",30,32,"MCAV",3,"Turrumote","30MC3T","17",NA,NA,NA,0.535333333333333,0.476666666666667,0.819,0.716666666666667,0.220333333333333,0.489,0.506,0.767833333333333,0.450579413769598,3.373,5.14499232933171,1.30393251976189
"196","124",30,30,"MCAV",4,"Turrumote","30MC4T","20",NA,NA,NA,0.569,0.538,1.0046,0.945,0.2516,0.7104,0.5535,0.9748,0.354166666666667,1.374,3.80933274996997,1.23266159144084
"197","125",30,30,"MCAV",5,"Turrumote","30MC5T","23",NA,NA,86.9809348837651,0.632,0.4432,1.2236,0.7818,0.2472,0.7038,0.5376,1.0027,0.351236146632566,1.49,5.35192679597476,1.47697678283536
"198","12",45,45,"MCAV",1,"Turrumote","45MC1T","37",NA,NA,NA,0.9062,0.6888,1.6382,1.1862,0.5134,1.4936,0.7975,1.4122,0.343733261917515,0.994,2.86115884619715,0.828383915003952
"199","13",45,49,"MCAV",2,"Turrumote","45MC2T","43",NA,NA,20.9840587025172,0.6328,0.5716,1.016,0.918,0.291,0.7,0.6022,0.967,0.415714285714286,1.403,3.35136916298362,1.21522226709435
"200","14",45,44,"MCAV",3,"Turrumote","45MC3T","19.5",NA,NA,NA,0.8515,0.72,1.59,1.402,0.478,1.664,0.78575,1.496,0.287259615384615,0.871,3.89796857467913,1.06549590754823
"201","16",45,46,"MCAV",4,"Turrumote","45MC4T","25",NA,NA,NA,0.544,0.5138,0.9374,0.8846,0.2262,0.6556,0.5289,0.911,0.345027455765711,1.682,3.12810834104857,0.9258799132562
"202","20",45,46,"MCAV",5,"Turrumote","45MC5T","25",NA,NA,40.3718096442283,0.736,0.6815,1.1135,1.0025,0.4175,0.899,0.70875,1.058,0.46440489432703,0.78,2.22308613679427,0.713355772745323
"203","56",55,54,"MCAV",1,"Turrumote","55MC1T","17",NA,NA,15.2902490112344,0.5722,0.4958,0.9082,0.8138,0.2292,0.5506,0.534,0.861,0.416273156556484,2.054,3.84017886194436,1.22364477296969
"204","60",55,57,"MCAV",2,"Turrumote","55MC2T","24.5",NA,NA,24.6765147282371,0.7006,0.603,1.0408,0.9546,0.3636,0.8182,0.6518,0.9977,0.444390124663896,1.561,7.81294619252767,2.93664948641847
"205","61",55,54,"MCAV",3,"Turrumote","55MC3T","17.5",NA,NA,NA,0.5408,0.4936,0.859,0.7918,0.2208,0.5628,0.5172,0.8254,0.392324093816631,1.827,0.883182080855328,0.460014147958724
"206","73",55,55,"MCAV",4,"Turrumote","55MC4T","20",NA,NA,NA,0.6898,0.6736,1.0366,1.0542,0.3874,0.93,0.6817,1.0454,0.416559139784946,1.285,4.56439874947989,1.42689322565377
"207","77",55,54,"MCAV",5,"Turrumote","55MC5T","22",NA,NA,7.63872821465457,0.6418,0.5188,1.0646,0.9816,0.2664,0.925,0.5803,1.0231,0.288,0.921,2.49960282268966,0.872248823061074
"208","2",15,15,"OFAV",2,"Turrumote","15OF2AT",NA,NA,NA,NA,NA,NA,NA,NA,NA,NA,NA,NA,NA,NA,NA,NA
"209","2",15,15,"OFAV",2,"Turrumote","15OF2BT",NA,NA,NA,NA,NA,NA,NA,NA,NA,NA,NA,NA,NA,NA,NA,NA
"210","1",15,15,"OFAV",1,"Turrumote","15OFA1AT","19.5",4.84580650407822,5.86004507469924,71.9358097160579,0.3334,0.3124,0.2402,0.2344,0.0826,0.0444,0.3229,0.2373,1.86036036036036,13.514,4.28125126415736,0.963301255740945
"211","1",15,15,"OFAV",1,"Turrumote","15OFA1BT",NA,NA,NA,NA,NA,NA,NA,NA,NA,NA,NA,NA,NA,NA,NA,NA
"212","72",15,15,"OFAV",3,"Turrumote","15OFA3T","22",1.21238273944361,1.21238273944361,NA,0.4072,0.3956,0.237,0.2548,0.117,0.0436,0.4014,0.2459,2.68348623853211,7.884,1.06343927474974,0.265915947517964
"213","259",15,15,"OFAV",4,"Turrumote","15OFA4T","15",1.21249648186441,4.84998592745765,90.937236139831,0.3426,0.472,0.2294,0.2576,0.1282,0.0466,0.4073,0.2435,2.75107296137339,8.975,4.58312302990231,0.683848015771529
"214","264",15,15,"OFAV",5,"Turrumote","15OFA5T","17.5",2.58539094644126,6.83281892988047,176.976165970478,0.3882,0.444,0.238,0.2706,0.1288,0.0498,0.4161,0.2543,2.5863453815261,7.136,6.28297706603881,0.818230066853187
"215","91/PAN 81",30,30,"OFAV",1,"Turrumote","30OFA1T","25.5",1.34414154295533,2.38958496525392,17.6729721428398,0.4376,0.4374,0.2602,0.2558,0.1408,0.0526,0.4375,0.258,2.67680608365019,6.761,1.38322121374125,0.256731034704468
"216","97/ PAN 87",30,30,"OFAV",2,"Turrumote","30OFA2T","28",3.3576306409314,4.17838479760352,86.3035431360031,0.455,0.3728,0.2656,0.23,0.13,0.0474,0.4139,0.2478,2.74261603375527,5.247,6.85512525156115,1.83516898731174
"217","108",30,30,"OFAV",3,"Turrumote","30OFA3T","37",3.43175682836266,5.74293999848445,162.016274800683,0.356,0.4008,0.2302,0.243,0.11,0.0422,0.3784,0.2366,2.60663507109005,7.566,6.70732203046573,1.38485395195161
"218","117",30,30,"OFAV",4,"Turrumote","30OFA4T","17.5",4.26613721512549,5.88432719327653,184.0486783165,0.4028,0.4618,0.2628,0.2828,0.142,0.0558,0.4323,0.2728,2.54480286738351,9.445,8.68046140340165,1.46215723540933
"219","119",30,28,"OFAV",5,"Turrumote","30OFA5T","25.5",1.40824018042065,3.47365911170428,73.3849605161613,0.4302,0.4426,0.273,0.2858,0.1514,0.061,0.4364,0.2794,2.48196721311475,9.804,3.4176189760801,0.723624216709154
"220","24",45,46,"OFAV",1,"Turrumote","45OFA1T","19",1.29512658227091,4.51633885099601,90.4374715951737,0.439,0.4812,0.304,0.3256,0.1768,0.0712,0.4601,0.3148,2.48314606741573,5.342,3.67729607592788,0.617875004864939
"221","29",45,47,"OFAV",2,"Turrumote","45OFA2T","20.5",NA,NA,90.1925931478099,0.5052,0.4422,0.2662,0.2316,0.182,0.05,0.4737,0.2489,3.64,4.809,2.75608441998462,0.670515453414773
"222","48",45,45,"OFAV",3,"Turrumote","45OFA3T","30.5",3.55881396927748,3.75293109487444,162.411328416118,0.3892,0.4742,0.2678,0.287,0.1516,0.059,0.4317,0.2774,2.56949152542373,5.487,5.69699253915842,1.20624381845947
"223","52",45,44,"OFAV",4,"Turrumote","45OFA4T","20",2.57087770917931,9.49247154158515,209.185946978879,0.3838,0.3816,0.2324,0.2156,0.1334,0.0406,0.3827,0.224,3.28571428571429,6.481,7.06369525245082,1.71497319184638
"224","53",45,45,"OFAV",5,"Turrumote","45OFA5T","22",3.19320209708084,5.10912335532935,67.9014239005069,0.4526,0.4756,0.2612,0.2634,0.1748,0.0506,0.4641,0.2623,3.45454545454546,4.801,6.29409496112538,1.11949261106969
"225","54",45,45,"OFAV",6,"Turrumote","45OFA6T","35.5",3.75768932309172,3.50340959446145,141.078160513492,0.439,0.4804,0.2666,0.294,0.1548,0.0608,0.4597,0.2803,2.54605263157895,5.293,5.40740911360626,1.29592251031256
"226","75",55,54,"OFAV",1,"Turrumote","55OFA1T","26.5",1.4313189565476,8.11080742043638,122.258494205107,0.4548,0.456,0.2732,0.2752,0.1636,0.0566,0.4554,0.2742,2.8904593639576,6.41,7.22875711346392,1.39225587669182
"227","85",55,55,"OFAV",2,"Turrumote","55OFA2T","23.5",0.843649999949803,5.90554999964862,62.5707083155495,0.3354,0.4606,0.2376,0.272,0.136,0.0496,0.398,0.2548,2.74193548387097,8.23,2.70291399150584,0.37025689372797
"228","103",55,55,"OFAV",3,"Turrumote","55OFA3T","30.5",NA,NA,126.443603859521,0.4178,0.5304,0.28,0.3256,0.175,0.0726,0.4741,0.3028,2.41046831955923,4.733,7.03301258732497,1.54766971117737
"229","105",55,53,"OFAV",4,"Turrumote","55OFA4T","17.5",1.53284364226614,2.50436426060383,81.7516609237391,0.4054,0.5934,0.3024,0.3768,0.1832,0.0894,0.4994,0.3396,2.04921700223714,4.241,2.82018042605382,0.536171434587035
"230","106",55,53,"OFAV",5,"Turrumote","55OFA5T","20",1.72683544230352,5.27139240282128,150.264978845102,0.394,0.4184,0.273,0.2882,0.1288,0.0628,0.4062,0.2806,2.05095541401274,8.815,5.29179632686324,0.76303405030838
"231","266",15,15,"OFRA",1,"Turrumote","15OFR1T",NA,NA,NA,NA,0.4584,0.3616,0.3006,0.2566,0.1316,0.0602,0.41,0.2786,2.18604651162791,7.561,NA,NA
"232","270",15,18,"OFRA",2,"Turrumote","15OFR2T","23.5",2.62764742578387,6.65670681198579,134.3992998112,0.366,0.4096,0.2142,0.229,0.1094,0.0396,0.3878,0.2216,2.76262626262626,8.902,5.4222818454763,1.10391847769557
"233","271",15,19,"OFRA",3,"Turrumote","15OFR3T","23.5",2.38172657600451,2.35814512475694,172.065989301207,0.3342,0.4398,0.2412,0.2886,0.117,0.0542,0.387,0.2649,2.15867158671587,7.46,4.15093281633715,0.943092979744044
"234","273",15,22,"OFRA",4,"Turrumote","15OFR4T","33.5",1.46468152448058,4.68698087833786,56.8784658624469,0.369,0.3736,0.2236,0.2302,0.0964,0.0396,0.3713,0.2269,2.43434343434343,9.259,2.19244515695687,0.386675922462873
"235","274",15,27,"OFRA",5,"Turrumote","15OFR5T","20",2.26931980042433,5.62535612499553,72.8739316192602,0.4482,0.4952,0.281,0.3008,0.1736,0.065,0.4717,0.2909,2.67076923076923,5.081,4.67309413550291,0.692941595397177
"236","116",30,30,"OFRA",1,"Turrumote","30OFR1T","26.5",1.1377970023216,5.00630681021506,161.567174329668,0.3392,0.3546,0.2088,0.1868,0.07360017142,0.0326,0.3469,0.1978,2.25767396993865,10.13,6.52598641308254,1.19055285666258
"237","118",30,30,"OFRA",2,"Turrumote","30OFR2T","25.5",1.47452950146594,4.34598168853119,152.54050811012,0.4534,0.4568,0.3066,0.3146,0.1522,0.0702,0.4551,0.3106,2.16809116809117,6.369,2.76932161738477,0.372460978282572
"238","126",30,30,"OFRA",3,"Turrumote","30OFR3T","22",2.01713489746663,5.68465289286051,65.8115729193832,0.3766,0.4638,0.2356,0.2896,0.14,0.0554,0.4202,0.2626,2.52707581227437,6.936,5.30341439723932,1.52046127294042
"239","127",30,30,"OFRA",4,"Turrumote","30OFR4T","20.5",3.93011273909333,7.56910601603159,81.1899833278866,0.3802,0.4608,0.2596,0.2842,0.138,0.0584,0.4205,0.2719,2.36301369863014,9.045,5.07599128874255,1.04050947765255
"240","257",30,30,"OFRA",5,"Turrumote","30OFR5T","22.5",2.88116280924088,5.37817057724965,53.2837270139209,NA,NA,NA,NA,NA,NA,NA,NA,NA,NA,1.66268704429281,0.332678265707013
"241","11",45,48,"OFRA",1,"Turrumote","45OFR1T","19.5",1.09042056074914,4.45650142219214,59.1039550287493,0.3906,0.4614,0.2248,0.254,0.138,0.0444,0.426,0.2394,3.10810810810811,8.047,3.73970793546491,0.681868422390197
"242","15",45,45,"OFRA",2,"Turrumote","45OFR2T","22",2.87625260060861,3.41357451500802,114.734032309992,0.4758,0.485,0.2852,0.3068,0.1752,0.069,0.4804,0.296,2.53913043478261,5.364,4.29199048781295,0.959751760631654
"243","21",45,46,"OFRA",3,"Turrumote","45OFR3T","17.5",1.14396749420505,3.22005665035496,78.171112104012,0.4868,0.4612,0.3104,0.2894,0.1742,0.0724,0.474,0.2999,2.4060773480663,5.185,2.79152077780356,0.518429120707149
"244","27",45,46,"OFRA",4,"Turrumote","45OFR4T","25",2.12111120708509,3.2395152980936,122.124584655496,0.42,0.3966,0.2326,0.2362,0.1244,0.0424,0.4083,0.2344,2.93396226415094,7.571,2.23647394631165,0.395760785583768
"245","31",45,45,"OFRA",5,"Turrumote","45OFR5T","17",1.66280548216095,3.0232826948381,83.0842873869977,0.4798,0.377,0.306,0.2602,0.1456,0.0652,0.4284,0.2831,2.23312883435583,5.272,4.26254306746721,1.03970691875482
"246","35",45,46,"OFRA",6,"Turrumote","45OFR6T","24",2.06784000024814,2.75712000033085,111.433600008777,0.4528,0.4432,0.265,0.2546,0.161,0.0558,0.448,0.2598,2.88530465949821,6.711,4.00374032048045,0.983257920117991
"247","40",45,47,"OFRA",7,"Turrumote","45OFR7T","26.5",2.49593726252065,3.76199239568329,101.163833978486,0.5468,0.477,0.2906,0.2786,0.214,0.0666,0.5119,0.2846,3.21321321321321,5.058,3.66334861430802,0.684465577991531
"248","46",45,47,"OFRA",8,"Turrumote","45OFR8T","24.5",4.284108388638,3.96843724421204,139.684481408486,0.42,0.4444,0.2602,0.2688,0.1438,0.0558,0.4322,0.2645,2.57706093189964,7.067,6.91591884755424,1.03688951768372
"249","64",55,53,"OFRA",1,"Turrumote","55OFR1T","23.5",2.52352785879647,3.46366568854418,84.3649999852547,0.3978,0.402,0.2552,0.2576,0.1302,0.0538,0.3999,0.2564,2.42007434944238,6.941,3.39092046226169,1.00735768457467
"250","68",55,53,"OFRA",2,"Turrumote","55OFR2T","17",1.85522404827843,3.02332807867596,90.241762352939,0.4582,0.4694,0.2522,0.2432,0.1908,0.0512,0.4638,0.2477,3.7265625,5.711,3.35932976741972,0.780568340312702
"251","79",55,52,"OFRA",3,"Turrumote","55OFR3T","43.5",2.44101987682907,3.85741412634717,166.752798130035,0.4296,0.5108,0.2564,0.2896,0.1758,0.0598,0.4702,0.273,2.93979933110368,6.111,5.46986345790673,1.44987539869288
"252","79",55,52,"OFRA",3,"Turrumote","55OFR3T","43.5",1.38625820165602,3.85741412634717,166.752798130035,0.4296,0.5108,0.2564,0.2896,0.1758,0.0598,0.4702,0.273,2.93979933110368,6.111,5.46986345790673,1.44987539869288
"253","79",55,52,"OFRA",3,"Turrumote","55OFR3T","43.5",2.44101987682907,3.85741412634717,166.752798130035,0.4296,0.5108,0.2564,0.2896,0.1758,0.0598,0.4702,0.273,2.93979933110368,6.111,5.46986345790673,1.44987539869288
"254","79",55,52,"OFRA",3,"Turrumote","55OFR3T","43.5",1.38625820165602,3.85741412634717,166.752798130035,0.4296,0.5108,0.2564,0.2896,0.1758,0.0598,0.4702,0.273,2.93979933110368,6.111,5.46986345790673,1.44987539869288
"255","83",55,54,"OFRA",4,"Turrumote","55OFR4T","19.5",1.78584183697561,6.2958491879818,98.8771186614423,0.4828,0.4466,0.2996,0.2834,0.173,0.0674,0.4647,0.2915,2.56676557863501,5.074,5.29794700218478,1.03018859188923
"256","104",55,55,"OFRA",5,"Turrumote","55OFR5T","33.5",1.50367051680045,6.87392236251636,119.81628561487,0.444,0.4334,0.2718,0.2616,0.1606,0.0538,0.4387,0.2667,2.98513011152416,6.754,5.33745750777807,1.00015570374613
"257","3",15,15,"PAST",1,"Turrumote","15PA1AT","13",NA,NA,NA,NA,NA,NA,NA,NA,NA,NA,NA,NA,NA,0.920561366037679,0.128605535421347
"258","3",15,15,"PAST",1,"Turrumote","15PA1BT","16",NA,NA,NA,NA,NA,NA,NA,NA,NA,NA,NA,NA,NA,4.62323498177263,1.26030565355772
"259","202",15,18,"PAST",2,"Turrumote","15PA2T","23.5",NA,NA,NA,NA,NA,NA,NA,NA,NA,NA,NA,NA,NA,9.58076387525874,1.87301612666818
"260","204",15,15,"PAST",3,"Turrumote","15PA3T","22.5",NA,NA,NA,NA,NA,NA,NA,NA,NA,NA,NA,NA,NA,5.93275202522807,1.32561086719124
"261","205",15,15,"PAST",4,"Turrumote","15PA4T","19",NA,NA,NA,NA,NA,NA,NA,NA,NA,NA,NA,NA,NA,10.0777568243091,3.20370460282881
"262","451",15,16,"PAST",5,"Turrumote","15PA5T","Missing",NA,NA,NA,NA,NA,NA,NA,NA,NA,NA,NA,NA,NA,NA,NA
"263","93/ PAN 83",30,30,"PAST",1,"Turrumote","30PA1T","21.5",NA,NA,NA,NA,NA,NA,NA,NA,NA,NA,NA,NA,NA,7.51413055555556,1.981225
"264","95/ PAN 85",30,31,"PAST",2,"Turrumote","30PA2T","18",NA,NA,NA,NA,NA,NA,NA,NA,NA,NA,NA,NA,NA,5.0067763304104,1.23008384347227
"265","110",30,30,"PAST",3,"Turrumote","30PA3T","17",NA,NA,NA,NA,NA,NA,NA,NA,NA,NA,NA,NA,NA,7.34348637003063,2.04764027664785
"266","255",30,30,"PAST",4,"Turrumote","30PA4T","13.5",NA,NA,NA,NA,NA,NA,NA,NA,NA,NA,NA,NA,NA,17.6383392823151,3.6024266121048
"267","256",30,29,"PAST",5,"Turrumote","30PA5T","27",NA,NA,43.7680051874173,NA,NA,NA,NA,NA,NA,NA,NA,NA,NA,8.82767184236808,2.82667047910815
"268","19",45,45,"PAST",1,"Turrumote","45PA1T","14.5",NA,NA,NA,NA,NA,NA,NA,NA,NA,NA,NA,NA,NA,NA,NA
"269","22",45,46,"PAST",2,"Turrumote","45PA2T","23",NA,NA,NA,NA,NA,NA,NA,NA,NA,NA,NA,NA,NA,8.50824804854345,2.31281682560641
"270","33",45,45,"PAST",3,"Turrumote","45PA3T","16.5",NA,NA,NA,NA,NA,NA,NA,NA,NA,NA,NA,NA,NA,NA,NA
"271","38",45,44,"PAST",4,"Turrumote","45PA4T","23",NA,NA,NA,NA,NA,NA,NA,NA,NA,NA,NA,NA,NA,NA,NA
"272","49",45,46,"PAST",5,"Turrumote","45PA5T","30",NA,NA,74.034568176502,NA,NA,NA,NA,NA,NA,NA,NA,NA,NA,9.24298387522543,2.78154444912959
"273","51",45,44,"PAST",6,"Turrumote","45PA6T","17",NA,NA,NA,NA,NA,NA,NA,NA,NA,NA,NA,NA,NA,4.62759392844497,1.07809649305771
"274","58",55,53,"PAST",1,"Turrumote","55PA1T","40",NA,NA,NA,NA,NA,NA,NA,NA,NA,NA,NA,NA,NA,3.05993986378157,0.67255928451234
"275","70",55,52,"PAST",2,"Turrumote","55PA2T","16.5",NA,NA,NA,NA,NA,NA,NA,NA,NA,NA,NA,NA,NA,NA,NA
"276","74",55,55,"PAST",3,"Turrumote","55PA3T","14.5",NA,NA,NA,NA,NA,NA,NA,NA,NA,NA,NA,NA,NA,NA,NA
"277","76",55,52,"PAST",4,"Turrumote","55PA4T","24",NA,NA,NA,NA,NA,NA,NA,NA,NA,NA,NA,NA,NA,11.476718389309,3.14052225429724
"278","280",55,50,"PAST",5,"Turrumote","55PA5T","17",NA,NA,NA,NA,NA,NA,NA,NA,NA,NA,NA,NA,NA,8.46679297666735,2.15428223263523
"279","9",15,15,"PPOR",1,"Turrumote","15PP1AT","23",NA,NA,NA,NA,NA,NA,NA,NA,NA,NA,NA,NA,NA,20.2625549923078,6.17406796138709
"280","9",15,15,"PPOR",1,"Turrumote","15PP1BT","20",NA,NA,NA,NA,NA,NA,NA,NA,NA,NA,NA,NA,NA,15.419996427626,4.59128597028452
"281","203",15,18,"PPOR",2,"Turrumote","15PP2T","26",NA,NA,55.3817333293754,NA,NA,NA,NA,NA,NA,NA,NA,NA,NA,15.7298642210981,5.48901426627439
"282","209",15,15,"PPOR",3,"Turrumote","15PP3T","28",NA,NA,NA,NA,NA,NA,NA,NA,NA,NA,NA,NA,NA,18.3628700561053,3.22740331475343
"283","262",15,15,"PPOR",4,"Turrumote","15PP4T","20",NA,NA,31.942946503307,NA,NA,NA,NA,NA,NA,NA,NA,NA,NA,10.4825521994174,2.50061000844797
"284","267",15,15,"PPOR",5,"Turrumote","15PP5T","16",NA,NA,NA,NA,NA,NA,NA,NA,NA,NA,NA,NA,NA,19.384685917986,5.62084128123881
"285","90",30,30,"PPOR",1,"Turrumote","30PP1T","17",NA,NA,NA,NA,NA,NA,NA,NA,NA,NA,NA,NA,NA,17.1946061820989,4.49078397897585
"286","96/ PAN 86",30,31,"PPOR",2,"Turrumote","30PP2T","26",NA,NA,NA,NA,NA,NA,NA,NA,NA,NA,NA,NA,NA,23.3741558361164,5.67718535840273
"287","102/ PAN 92",30,30,"PPOR",3,"Turrumote","30PP3T","39",NA,NA,NA,NA,NA,NA,NA,NA,NA,NA,NA,NA,NA,20.6832369035327,5.09712465841102
"288","109",30,30,"PPOR",4,"Turrumote","30PP4T","40",NA,NA,51.9089550169398,NA,NA,NA,NA,NA,NA,NA,NA,NA,NA,18.13890970867,4.44284663263189
"289","113",30,30,"PPOR",5,"Turrumote","30PP5T","20",NA,NA,NA,NA,NA,NA,NA,NA,NA,NA,NA,NA,NA,19.2207231155939,5.46881478991043
"290","17",45,47,"PPOR",1,"Turrumote","45PP1T","15",NA,NA,NA,NA,NA,NA,NA,NA,NA,NA,NA,NA,NA,2.14052141569696,0.531069086003233
"291","32",45,45,"PPOR",2,"Turrumote","45PP2T","25",NA,NA,NA,NA,NA,NA,NA,NA,NA,NA,NA,NA,NA,2.21720422621609,0.570365463837279
"292","36",45,46,"PPOR",3,"Turrumote","45PP3T","20",NA,NA,NA,NA,NA,NA,NA,NA,NA,NA,NA,NA,NA,21.1550879246055,6.22000815467087
"293","37",45,46,"PPOR",4,"Turrumote","45PP4T","16",NA,NA,NA,NA,NA,NA,NA,NA,NA,NA,NA,NA,NA,10.1493827816336,2.48490221764263
"294","41",45,47,"PPOR",5,"Turrumote","45PP5T","20",NA,NA,NA,NA,NA,NA,NA,NA,NA,NA,NA,NA,NA,10.5865406911624,2.60290359359711
"295","44",45,44,"PPOR",6,"Turrumote","45PP6T","17",NA,NA,NA,NA,NA,NA,NA,NA,NA,NA,NA,NA,NA,5.96086011069303,1.51050789612911
"296","47",45,47,"PPOR",7,"Turrumote","45PP7T","34",NA,NA,29.0174120270144,NA,NA,NA,NA,NA,NA,NA,NA,NA,NA,14.1186663751407,3.96073856353495
"297","57",55,54,"PPOR",1,"Turrumote","55PP1T","25",NA,NA,36.304080195647,NA,NA,NA,NA,NA,NA,NA,NA,NA,NA,5.90801552036073,1.30663119938942
"298","63",55,53,"PPOR",2,"Turrumote","55PP2T","26",NA,NA,NA,NA,NA,NA,NA,NA,NA,NA,NA,NA,NA,18.3169164103792,5.56762974362708
"299","82",55,54,"PPOR",3,"Turrumote","55PP3T","26",NA,NA,NA,NA,NA,NA,NA,NA,NA,NA,NA,NA,NA,23.3994997223574,7.16620130340846
"300","86",55,56,"PPOR",4,"Turrumote","55PP4T","18",NA,NA,63.3546785875166,NA,NA,NA,NA,NA,NA,NA,NA,NA,NA,18.8870545854688,3.84891634491344
"301","88",55,53,"PPOR",5,"Turrumote","55PP5T","16",NA,NA,38.1149839719157,NA,NA,NA,NA,NA,NA,NA,NA,NA,NA,9.78497457202233,2.04860128191996
"302","89",55,52,"PPOR",6,"Turrumote","55PP6T","34",NA,NA,68.9918674561184,NA,NA,NA,NA,NA,NA,NA,NA,NA,NA,3.59073837708313,0.797659258070502
"303","107",55,57,"PPOR",7,"Turrumote","55PP7T","15",NA,NA,NA,NA,NA,NA,NA,NA,NA,NA,NA,NA,NA,7.29848741698349,2.07219633121406
"304",NA,NA,NA,NA,NA,NA,"45PA1",NA,NA,NA,NA,NA,NA,NA,NA,NA,NA,NA,NA,NA,NA,NA,NA
"305",NA,NA,NA,NA,NA,NA,"45PA3",NA,NA,NA,NA,NA,NA,NA,NA,NA,NA,NA,NA,NA,NA,NA,NA
"306",NA,NA,NA,NA,NA,NA,"45PA4",NA,NA,NA,NA,NA,NA,NA,NA,NA,NA,NA,NA,NA,NA,NA,NA
"307",NA,NA,NA,NA,NA,NA,"55PA3",NA,NA,NA,NA,NA,NA,NA,NA,NA,NA,NA,NA,NA,NA,NA,NA
"308",NA,NA,NA,NA,NA,NA,"45OFAML",NA,NA,NA,NA,NA,NA,NA,NA,NA,NA,NA,NA,NA,NA,NA,NA
"309",NA,NA,NA,NA,NA,NA,"450FA2T",NA,NA,NA,NA,NA,NA,NA,NA,NA,NA,NA,NA,NA,NA,NA,NA
